CREATE DATABASE  IF NOT EXISTS `blockbuster` /*!40100 DEFAULT CHARACTER SET utf8mb4 COLLATE utf8mb4_0900_ai_ci */ /*!80016 DEFAULT ENCRYPTION='N' */;
USE `blockbuster`;
-- MySQL dump 10.13  Distrib 8.0.31, for macos12 (x86_64)
--
-- Host: 127.0.0.1    Database: blockbuster
-- ------------------------------------------------------
-- Server version	8.0.31

/*!40101 SET @OLD_CHARACTER_SET_CLIENT=@@CHARACTER_SET_CLIENT */;
/*!40101 SET @OLD_CHARACTER_SET_RESULTS=@@CHARACTER_SET_RESULTS */;
/*!40101 SET @OLD_COLLATION_CONNECTION=@@COLLATION_CONNECTION */;
/*!50503 SET NAMES utf8 */;
/*!40103 SET @OLD_TIME_ZONE=@@TIME_ZONE */;
/*!40103 SET TIME_ZONE='+00:00' */;
/*!40014 SET @OLD_UNIQUE_CHECKS=@@UNIQUE_CHECKS, UNIQUE_CHECKS=0 */;
/*!40014 SET @OLD_FOREIGN_KEY_CHECKS=@@FOREIGN_KEY_CHECKS, FOREIGN_KEY_CHECKS=0 */;
/*!40101 SET @OLD_SQL_MODE=@@SQL_MODE, SQL_MODE='NO_AUTO_VALUE_ON_ZERO' */;
/*!40111 SET @OLD_SQL_NOTES=@@SQL_NOTES, SQL_NOTES=0 */;

--
-- Table structure for table `actors`
--

DROP TABLE IF EXISTS `actors`;
/*!40101 SET @saved_cs_client     = @@character_set_client */;
/*!50503 SET character_set_client = utf8mb4 */;
CREATE TABLE `actors` (
  `actors_id` int NOT NULL,
  `full_name` varchar(100) DEFAULT NULL,
  PRIMARY KEY (`actors_id`)
) ENGINE=InnoDB DEFAULT CHARSET=utf8mb4 COLLATE=utf8mb4_0900_ai_ci;
/*!40101 SET character_set_client = @saved_cs_client */;

--
-- Dumping data for table `actors`
--

LOCK TABLES `actors` WRITE;
/*!40000 ALTER TABLE `actors` DISABLE KEYS */;
INSERT INTO `actors` VALUES (1,'PENELOPE GUINESS'),(2,'NICK WAHLBERG'),(3,'ED CHASE'),(4,'JENNIFER DAVIS'),(5,'JOHNNY LOLLOBRIGIDA'),(6,'BETTE NICHOLSON'),(7,'GRACE MOSTEL'),(8,'MATTHEW JOHANSSON'),(9,'JOE SWANK'),(10,'CHRISTIAN GABLE'),(11,'ZERO CAGE'),(12,'KARL BERRY'),(13,'UMA WOOD'),(14,'VIVIEN BERGEN'),(15,'CUBA OLIVIER'),(16,'FRED COSTNER'),(17,'HELEN VOIGHT'),(18,'DAN TORN'),(19,'BOB FAWCETT'),(20,'LUCILLE TRACY'),(21,'KIRSTEN PALTROW'),(22,'ELVIS MARX'),(23,'SANDRA KILMER'),(24,'CAMERON STREEP'),(25,'KEVIN BLOOM'),(26,'RIP CRAWFORD'),(27,'JULIA MCQUEEN'),(28,'WOODY HOFFMAN'),(29,'ALEC WAYNE'),(30,'SANDRA PECK'),(31,'SISSY SOBIESKI'),(32,'TIM HACKMAN'),(33,'MILLA PECK'),(34,'AUDREY OLIVIER'),(35,'JUDY DEAN'),(36,'BURT DUKAKIS'),(37,'VAL BOLGER'),(38,'TOM MCKELLEN'),(39,'GOLDIE BRODY'),(40,'JOHNNY CAGE'),(41,'JODIE DEGENERES'),(42,'TOM MIRANDA'),(43,'KIRK JOVOVICH'),(44,'NICK STALLONE'),(45,'REESE KILMER'),(46,'PARKER GOLDBERG'),(47,'JULIA BARRYMORE'),(48,'FRANCES DAY-LEWIS'),(49,'ANNE CRONYN'),(50,'NATALIE HOPKINS'),(51,'GARY PHOENIX'),(52,'CARMEN HUNT'),(53,'MENA TEMPLE'),(54,'PENELOPE PINKETT'),(55,'FAY KILMER'),(56,'DAN HARRIS'),(57,'JUDE CRUISE'),(58,'CHRISTIAN AKROYD'),(59,'DUSTIN TAUTOU'),(60,'HENRY BERRY'),(61,'CHRISTIAN NEESON'),(62,'JAYNE NEESON'),(63,'CAMERON WRAY'),(64,'RAY JOHANSSON'),(65,'ANGELA HUDSON'),(66,'MARY TANDY'),(67,'JESSICA BAILEY'),(68,'RIP WINSLET'),(69,'KENNETH PALTROW'),(70,'MICHELLE MCCONAUGHEY'),(71,'ADAM GRANT'),(72,'SEAN WILLIAMS'),(73,'GARY PENN'),(74,'MILLA KEITEL'),(75,'BURT POSEY'),(76,'ANGELINA ASTAIRE'),(77,'CARY MCCONAUGHEY'),(78,'GROUCHO SINATRA'),(79,'MAE HOFFMAN'),(80,'RALPH CRUZ'),(81,'SCARLETT DAMON'),(82,'WOODY JOLIE'),(83,'BEN WILLIS'),(84,'JAMES PITT'),(85,'MINNIE ZELLWEGER'),(86,'GREG CHAPLIN'),(87,'SPENCER PECK'),(88,'KENNETH PESCI'),(89,'CHARLIZE DENCH'),(90,'SEAN GUINESS'),(91,'CHRISTOPHER BERRY'),(92,'KIRSTEN AKROYD'),(93,'ELLEN PRESLEY'),(94,'KENNETH TORN'),(95,'DARYL WAHLBERG'),(96,'GENE WILLIS'),(97,'MEG HAWKE'),(98,'CHRIS BRIDGES'),(99,'JIM MOSTEL'),(100,'SPENCER DEPP'),(101,'SUSAN DAVIS'),(102,'WALTER TORN'),(103,'MATTHEW LEIGH'),(104,'PENELOPE CRONYN'),(105,'SIDNEY CROWE'),(106,'GROUCHO DUNST'),(107,'GINA DEGENERES'),(108,'WARREN NOLTE'),(109,'SYLVESTER DERN'),(111,'CAMERON ZELLWEGER'),(112,'RUSSELL BACALL'),(113,'MORGAN HOPKINS'),(114,'MORGAN MCDORMAND'),(115,'HARRISON BALE'),(116,'DAN STREEP'),(117,'RENEE TRACY'),(118,'CUBA ALLEN'),(119,'WARREN JACKMAN'),(120,'PENELOPE MONROE'),(121,'LIZA BERGMAN'),(122,'SALMA NOLTE'),(123,'JULIANNE DENCH'),(124,'SCARLETT BENING'),(125,'ALBERT NOLTE'),(126,'FRANCES TOMEI'),(127,'KEVIN GARLAND'),(128,'CATE MCQUEEN'),(129,'DARYL CRAWFORD'),(130,'GRETA KEITEL'),(131,'JANE JACKMAN'),(132,'ADAM HOPPER'),(133,'RICHARD PENN'),(134,'GENE HOPKINS'),(135,'RITA REYNOLDS'),(136,'ED MANSFIELD'),(137,'MORGAN WILLIAMS'),(138,'LUCILLE DEE'),(139,'EWAN GOODING'),(140,'WHOOPI HURT'),(141,'CATE HARRIS'),(142,'JADA RYDER'),(143,'RIVER DEAN'),(144,'ANGELA WITHERSPOON'),(145,'KIM ALLEN'),(146,'ALBERT JOHANSSON'),(147,'FAY WINSLET'),(148,'EMILY DEE'),(149,'RUSSELL TEMPLE'),(150,'JAYNE NOLTE'),(151,'GEOFFREY HESTON'),(152,'BEN HARRIS'),(153,'MINNIE KILMER'),(154,'MERYL GIBSON'),(155,'IAN TANDY'),(156,'FAY WOOD'),(157,'GRETA MALDEN'),(158,'VIVIEN BASINGER'),(159,'LAURA BRODY'),(160,'CHRIS DEPP'),(161,'HARVEY HOPE'),(162,'OPRAH KILMER'),(163,'CHRISTOPHER WEST'),(164,'HUMPHREY WILLIS'),(165,'AL GARLAND'),(166,'NICK DEGENERES'),(167,'LAURENCE BULLOCK'),(168,'WILL WILSON'),(169,'KENNETH HOFFMAN'),(170,'MENA HOPPER'),(171,'OLYMPIA PFEIFFER'),(172,'GROUCHO WILLIAMS'),(173,'ALAN DREYFUSS'),(174,'MICHAEL BENING'),(175,'WILLIAM HACKMAN'),(176,'JON CHASE'),(177,'GENE MCKELLEN'),(178,'LISA MONROE'),(179,'ED GUINESS'),(180,'JEFF SILVERSTONE'),(181,'MATTHEW CARREY'),(182,'DEBBIE AKROYD'),(183,'RUSSELL CLOSE'),(184,'HUMPHREY GARLAND'),(185,'MICHAEL BOLGER'),(186,'JULIA ZELLWEGER'),(187,'RENEE BALL'),(188,'ROCK DUKAKIS'),(189,'CUBA BIRCH'),(190,'AUDREY BAILEY'),(191,'GREGORY GOODING'),(192,'JOHN SUVARI'),(193,'BURT TEMPLE'),(194,'MERYL ALLEN'),(195,'JAYNE SILVERSTONE'),(196,'BELA WALKEN'),(197,'REESE WEST'),(198,'MARY KEITEL'),(199,'JULIA FAWCETT'),(200,'THORA TEMPLE');
/*!40000 ALTER TABLE `actors` ENABLE KEYS */;
UNLOCK TABLES;

--
-- Table structure for table `Category`
--

DROP TABLE IF EXISTS `Category`;
/*!40101 SET @saved_cs_client     = @@character_set_client */;
/*!50503 SET character_set_client = utf8mb4 */;
CREATE TABLE `Category` (
  `category_id` int NOT NULL,
  `name` varchar(100) DEFAULT NULL,
  PRIMARY KEY (`category_id`)
) ENGINE=InnoDB DEFAULT CHARSET=utf8mb4 COLLATE=utf8mb4_0900_ai_ci;
/*!40101 SET character_set_client = @saved_cs_client */;

--
-- Dumping data for table `Category`
--

LOCK TABLES `Category` WRITE;
/*!40000 ALTER TABLE `Category` DISABLE KEYS */;
INSERT INTO `Category` VALUES (1,'Action'),(2,'Animation'),(3,'Children'),(4,'Classics'),(5,'Comedy'),(6,'Documentary'),(7,'Drama'),(8,'Family'),(9,'Foreign'),(10,'Games'),(11,'Horror'),(12,'Music'),(13,'New'),(14,'Sci-Fi'),(15,'Sports'),(16,'Travel');
/*!40000 ALTER TABLE `Category` ENABLE KEYS */;
UNLOCK TABLES;

--
-- Table structure for table `customers`
--

DROP TABLE IF EXISTS `customers`;
/*!40101 SET @saved_cs_client     = @@character_set_client */;
/*!50503 SET character_set_client = utf8mb4 */;
CREATE TABLE `customers` (
  `customer_id` int NOT NULL,
  `full_name` varchar(45) DEFAULT NULL,
  `city` varchar(45) DEFAULT NULL,
  `zip_code` varchar(45) DEFAULT NULL,
  `sign_up_date` datetime DEFAULT NULL,
  `staff_op` int NOT NULL,
  PRIMARY KEY (`customer_id`,`staff_op`),
  KEY `fk_customers_staff1_idx` (`staff_op`),
  CONSTRAINT `fk_customers_staff1` FOREIGN KEY (`staff_op`) REFERENCES `staff` (`staff_id`)
) ENGINE=InnoDB DEFAULT CHARSET=utf8mb4 COLLATE=utf8mb4_0900_ai_ci;
/*!40101 SET character_set_client = @saved_cs_client */;

--
-- Dumping data for table `customers`
--

LOCK TABLES `customers` WRITE;
/*!40000 ALTER TABLE `customers` DISABLE KEYS */;
/*!40000 ALTER TABLE `customers` ENABLE KEYS */;
UNLOCK TABLES;

--
-- Table structure for table `films`
--

DROP TABLE IF EXISTS `films`;
/*!40101 SET @saved_cs_client     = @@character_set_client */;
/*!50503 SET character_set_client = utf8mb4 */;
CREATE TABLE `films` (
  `film_id` int NOT NULL,
  `title` varchar(200) DEFAULT NULL,
  `description` varchar(500) DEFAULT NULL,
  `year` int DEFAULT NULL,
  `category_id` int NOT NULL,
  `rental_duration` int DEFAULT NULL,
  `rental_rate` float DEFAULT NULL,
  `length` int DEFAULT NULL,
  `replacement_cost` float DEFAULT NULL,
  `rating` varchar(45) DEFAULT NULL,
  `features` varchar(100) DEFAULT NULL,
  `languaje_id` int NOT NULL,
  PRIMARY KEY (`film_id`,`category_id`,`languaje_id`),
  KEY `fk_films_Category_idx` (`category_id`),
  KEY `fk_films_Languaje1_idx` (`languaje_id`),
  CONSTRAINT `fk_films_Category` FOREIGN KEY (`category_id`) REFERENCES `Category` (`category_id`),
  CONSTRAINT `fk_films_Languaje1` FOREIGN KEY (`languaje_id`) REFERENCES `Languaje` (`languaje_id`)
) ENGINE=InnoDB DEFAULT CHARSET=utf8mb4 COLLATE=utf8mb4_0900_ai_ci;
/*!40101 SET character_set_client = @saved_cs_client */;

--
-- Dumping data for table `films`
--

LOCK TABLES `films` WRITE;
/*!40000 ALTER TABLE `films` DISABLE KEYS */;
INSERT INTO `films` VALUES (1,'ACADEMY DINOSAUR','A Epic Drama of a Feminist And a Mad Scientist who must Battle a Teacher in The Canadian Rockies',2006,6,6,0.99,86,20.99,'PG','Deleted Scenes,Behind the Scenes',1),(2,'ACE GOLDFINGER','A Astounding Epistle of a Database Administrator And a Explorer who must Find a Car in Ancient China',2006,11,3,4.99,48,12.99,'G','Trailers,Deleted Scenes',1),(3,'ADAPTATION HOLES','A Astounding Reflection of a Lumberjack And a Car who must Sink a Lumberjack in A Baloon Factory',2006,6,7,2.99,50,18.99,'NC-17','Trailers,Deleted Scenes',1),(6,'AGENT TRUMAN','A Intrepid Panorama of a Robot And a Boy who must Escape a Sumo Wrestler in Ancient China',2006,9,3,2.99,169,17.99,'PG','Deleted Scenes',1),(9,'ALABAMA DEVIL','A Thoughtful Panorama of a Database Administrator And a Mad Scientist who must Outgun a Mad Scientist in A Jet Boat',2006,11,3,2.99,114,21.99,'PG-13','Trailers,Deleted Scenes',1),(10,'ALADDIN CALENDAR','A Action-Packed Tale of a Man And a Lumberjack who must Reach a Feminist in Ancient China',2006,15,6,4.99,63,24.99,'NC-17','Trailers,Deleted Scenes',1),(12,'ALASKA PHANTOM','A Fanciful Saga of a Hunter And a Pastry Chef who must Vanquish a Boy in Australia',2006,12,6,0.99,136,22.99,'PG','Commentaries,Deleted Scenes',1),(14,'ALICE FANTASIA','A Emotional Drama of a A Shark And a Database Administrator who must Vanquish a Pioneer in Soviet Georgia',2006,4,6,0.99,94,23.99,'NC-17','Trailers,Deleted Scenes,Behind the Scenes',1),(15,'ALIEN CENTER','A Brilliant Drama of a Cat And a Mad Scientist who must Battle a Feminist in A MySQL Convention',2006,9,5,2.99,46,10.99,'NC-17','Trailers,Commentaries,Behind the Scenes',1),(16,'ALLEY EVOLUTION','A Fast-Paced Drama of a Robot And a Composer who must Battle a Astronaut in New Orleans',2006,9,6,2.99,180,23.99,'NC-17','Trailers,Commentaries',1),(17,'ALONE TRIP','A Fast-Paced Character Study of a Composer And a Dog who must Outgun a Boat in An Abandoned Fun House',2006,12,3,0.99,82,14.99,'R','Trailers,Behind the Scenes',1),(19,'AMADEUS HOLY','A Emotional Display of a Pioneer And a Technical Writer who must Battle a Man in A Baloon',2006,1,6,0.99,113,20.99,'PG','Commentaries,Deleted Scenes,Behind the Scenes',1),(21,'AMERICAN CIRCUS','A Insightful Drama of a Girl And a Astronaut who must Face a Database Administrator in A Shark Tank',2006,1,3,4.99,129,17.99,'R','Commentaries,Behind the Scenes',1),(23,'ANACONDA CONFESSIONS','A Lacklusture Display of a Dentist And a Dentist who must Fight a Girl in Australia',2006,2,3,0.99,92,9.99,'R','Trailers,Deleted Scenes',1),(24,'ANALYZE HOOSIERS','A Thoughtful Display of a Explorer And a Pastry Chef who must Overcome a Feminist in The Sahara Desert',2006,11,6,2.99,181,19.99,'R','Trailers,Behind the Scenes',1),(25,'ANGELS LIFE','A Thoughtful Display of a Woman And a Astronaut who must Battle a Robot in Berlin',2006,13,3,2.99,74,15.99,'G','Trailers',1),(27,'ANONYMOUS HUMAN','A Amazing Reflection of a Database Administrator And a Astronaut who must Outrace a Database Administrator in A Shark Tank',2006,15,7,0.99,179,12.99,'NC-17','Deleted Scenes,Behind the Scenes',1),(29,'ANTITRUST TOMATOES','A Fateful Yarn of a Womanizer And a Feminist who must Succumb a Database Administrator in Ancient India',2006,1,5,2.99,168,11.99,'NC-17','Trailers,Commentaries,Deleted Scenes',1),(30,'ANYTHING SAVANNAH','A Epic Story of a Pastry Chef And a Woman who must Chase a Feminist in An Abandoned Fun House',2006,11,4,2.99,82,27.99,'R','Trailers,Deleted Scenes,Behind the Scenes',1),(31,'APACHE DIVINE','A Awe-Inspiring Reflection of a Pastry Chef And a Teacher who must Overcome a Sumo Wrestler in A U-Boat',2006,8,5,4.99,92,16.99,'NC-17','Commentaries,Deleted Scenes,Behind the Scenes',1),(34,'ARABIA DOGMA','A Touching Epistle of a Madman And a Mad Cow who must Defeat a Student in Nigeria',2006,11,6,0.99,62,29.99,'NC-17','Commentaries,Deleted Scenes',1),(35,'ARACHNOPHOBIA ROLLERCOASTER','A Action-Packed Reflection of a Pastry Chef And a Composer who must Discover a Mad Scientist in The First Manned Space Station',2006,11,4,2.99,147,24.99,'PG-13','Trailers,Deleted Scenes,Behind the Scenes',1),(37,'ARIZONA BANG','A Brilliant Panorama of a Mad Scientist And a Mad Cow who must Meet a Pioneer in A Monastery',2006,4,3,2.99,121,28.99,'PG','Trailers,Deleted Scenes',1),(40,'ARMY FLINTSTONES','A Boring Saga of a Database Administrator And a Womanizer who must Battle a Waitress in Nigeria',2006,6,4,0.99,148,22.99,'R','Trailers,Commentaries',1),(42,'ARTIST COLDBLOODED','A Stunning Reflection of a Robot And a Moose who must Challenge a Woman in California',2006,15,5,2.99,170,10.99,'NC-17','Trailers,Behind the Scenes',1),(43,'ATLANTIS CAUSE','A Thrilling Yarn of a Feminist And a Hunter who must Fight a Technical Writer in A Shark Tank',2006,8,6,2.99,170,15.99,'G','Behind the Scenes',1),(44,'ATTACKS HATE','A Fast-Paced Panorama of a Technical Writer And a Mad Scientist who must Find a Feminist in An Abandoned Mine Shaft',2006,14,5,4.99,113,21.99,'PG-13','Trailers,Behind the Scenes',1),(45,'ATTRACTION NEWTON','A Astounding Panorama of a Composer And a Frisbee who must Reach a Husband in Ancient Japan',2006,13,5,4.99,83,14.99,'PG-13','Trailers,Behind the Scenes',1),(47,'BABY HALL','A Boring Character Study of a A Shark And a Girl who must Outrace a Feminist in An Abandoned Mine Shaft',2006,9,5,4.99,153,23.99,'NC-17','Commentaries',1),(52,'BALLROOM MOCKINGBIRD','A Thrilling Documentary of a Composer And a Monkey who must Find a Feminist in California',2006,9,6,0.99,173,29.99,'G','Commentaries,Deleted Scenes',1),(53,'BANG KWAI','A Epic Drama of a Madman And a Cat who must Face a A Shark in An Abandoned Amusement Park',2006,8,5,2.99,87,25.99,'NC-17','Commentaries,Deleted Scenes,Behind the Scenes',1),(54,'BANGER PINOCCHIO','A Awe-Inspiring Drama of a Car And a Pastry Chef who must Chase a Crocodile in The First Manned Space Station',2006,12,5,0.99,113,15.99,'R','Trailers,Commentaries,Deleted Scenes',1),(56,'BAREFOOT MANCHURIAN','A Intrepid Story of a Cat And a Student who must Vanquish a Girl in An Abandoned Amusement Park',2006,1,6,2.99,129,15.99,'G','Trailers,Commentaries',1),(58,'BEACH HEARTBREAKERS','A Fateful Display of a Womanizer And a Mad Scientist who must Outgun a A Shark in Soviet Georgia',2006,6,6,2.99,122,16.99,'G','Deleted Scenes,Behind the Scenes',1),(60,'BEAST HUNCHBACK','A Awe-Inspiring Epistle of a Student And a Squirrel who must Defeat a Boy in Ancient China',2006,4,3,4.99,89,22.99,'R','Deleted Scenes,Behind the Scenes',1),(62,'BED HIGHBALL','A Astounding Panorama of a Lumberjack And a Dog who must Redeem a Woman in An Abandoned Fun House',2006,6,5,2.99,106,23.99,'NC-17','Trailers,Commentaries,Deleted Scenes',1),(63,'BEDAZZLED MARRIED','A Astounding Character Study of a Madman And a Robot who must Meet a Mad Scientist in An Abandoned Fun House',2006,8,6,0.99,73,21.99,'PG','Trailers,Deleted Scenes,Behind the Scenes',1),(64,'BEETHOVEN EXORCIST','A Epic Display of a Pioneer And a Student who must Challenge a Butler in The Gulf of Mexico',2006,7,6,0.99,151,26.99,'PG-13','Commentaries,Behind the Scenes',1),(65,'BEHAVIOR RUNAWAY','A Unbelieveable Drama of a Student And a Husband who must Outrace a Sumo Wrestler in Berlin',2006,11,3,4.99,100,20.99,'PG','Trailers,Deleted Scenes,Behind the Scenes',1),(67,'BERETS AGENT','A Taut Saga of a Crocodile And a Boy who must Overcome a Technical Writer in Ancient China',2006,1,5,2.99,77,24.99,'PG-13','Deleted Scenes',1),(69,'BEVERLY OUTLAW','A Fanciful Documentary of a Womanizer And a Boat who must Defeat a Madman in The First Manned Space Station',2006,14,3,2.99,85,21.99,'R','Trailers',1),(70,'BIKINI BORROWERS','A Astounding Drama of a Astronaut And a Cat who must Discover a Woman in The First Manned Space Station',2006,2,7,4.99,142,26.99,'NC-17','Commentaries,Deleted Scenes',1),(71,'BILKO ANONYMOUS','A Emotional Reflection of a Teacher And a Man who must Meet a Cat in The First Manned Space Station',2006,8,3,4.99,100,25.99,'PG-13','Commentaries,Deleted Scenes,Behind the Scenes',1),(73,'BINGO TALENTED','A Touching Tale of a Girl And a Crocodile who must Discover a Waitress in Nigeria',2006,14,5,2.99,150,22.99,'PG-13','Trailers,Commentaries',1),(74,'BIRCH ANTITRUST','A Fanciful Panorama of a Husband And a Pioneer who must Outgun a Dog in A Baloon',2006,12,4,4.99,162,18.99,'PG','Trailers,Commentaries,Deleted Scenes',1),(77,'BIRDS PERDITION','A Boring Story of a Womanizer And a Pioneer who must Face a Dog in California',2006,13,5,4.99,61,15.99,'G','Trailers,Behind the Scenes',1),(78,'BLACKOUT PRIVATE','A Intrepid Yarn of a Pastry Chef And a Mad Scientist who must Challenge a Secret Agent in Ancient Japan',2006,2,7,2.99,85,12.99,'PG','Trailers,Deleted Scenes',1),(79,'BLADE POLISH','A Thoughtful Character Study of a Frisbee And a Pastry Chef who must Fight a Dentist in The First Manned Space Station',2006,7,5,0.99,114,10.99,'PG-13','Trailers,Behind the Scenes',1),(80,'BLANKET BEVERLY','A Emotional Documentary of a Student And a Girl who must Build a Boat in Nigeria',2006,8,7,2.99,148,21.99,'G','Trailers',1),(81,'BLINDNESS GUN','A Touching Drama of a Robot And a Dentist who must Meet a Hunter in A Jet Boat',2006,14,6,4.99,103,29.99,'PG-13','Trailers,Behind the Scenes',1),(83,'BLUES INSTINCT','A Insightful Documentary of a Boat And a Composer who must Meet a Forensic Psychologist in An Abandoned Fun House',2006,8,5,2.99,50,18.99,'G','Trailers,Deleted Scenes,Behind the Scenes',1),(84,'BOILED DARES','A Awe-Inspiring Story of a Waitress And a Dog who must Discover a Dentist in Ancient Japan',2006,16,7,4.99,102,13.99,'PG','Trailers,Commentaries',1),(85,'BONNIE HOLOCAUST','A Fast-Paced Story of a Crocodile And a Robot who must Find a Moose in Ancient Japan',2006,6,4,0.99,63,29.99,'G','Deleted Scenes',1),(86,'BOOGIE AMELIE','A Lacklusture Character Study of a Husband And a Sumo Wrestler who must Succumb a Technical Writer in The Gulf of Mexico',2006,12,6,4.99,121,11.99,'R','Commentaries,Behind the Scenes',1),(87,'BOONDOCK BALLROOM','A Fateful Panorama of a Crocodile And a Boy who must Defeat a Monkey in The Gulf of Mexico',2006,16,7,0.99,76,14.99,'NC-17','Behind the Scenes',1),(88,'BORN SPINAL','A Touching Epistle of a Frisbee And a Husband who must Pursue a Student in Nigeria',2006,16,7,4.99,179,17.99,'PG','Trailers,Commentaries,Deleted Scenes',1),(89,'BORROWERS BEDAZZLED','A Brilliant Epistle of a Teacher And a Sumo Wrestler who must Defeat a Man in An Abandoned Fun House',2006,2,7,0.99,63,22.99,'G','Commentaries,Deleted Scenes,Behind the Scenes',1),(90,'BOULEVARD MOB','A Fateful Epistle of a Moose And a Monkey who must Confront a Lumberjack in Ancient China',2006,13,3,0.99,63,11.99,'R','Trailers',1),(91,'BOUND CHEAPER','A Thrilling Panorama of a Database Administrator And a Astronaut who must Challenge a Lumberjack in A Baloon',2006,4,5,0.99,98,17.99,'PG','Behind the Scenes',1),(92,'BOWFINGER GABLES','A Fast-Paced Yarn of a Waitress And a Composer who must Outgun a Dentist in California',2006,11,7,4.99,72,19.99,'NC-17','Trailers,Deleted Scenes',1),(93,'BRANNIGAN SUNRISE','A Amazing Epistle of a Moose And a Crocodile who must Outrace a Dog in Berlin',2006,13,4,4.99,121,27.99,'PG','Trailers',1),(96,'BREAKING HOME','A Beautiful Display of a Secret Agent And a Monkey who must Battle a Sumo Wrestler in An Abandoned Mine Shaft',2006,13,4,2.99,169,21.99,'PG-13','Trailers,Commentaries',1),(101,'BROTHERHOOD BLANKET','A Fateful Character Study of a Butler And a Technical Writer who must Sink a Astronaut in Ancient Japan',2006,6,3,0.99,73,26.99,'R','Behind the Scenes',1),(103,'BUCKET BROTHERHOOD','A Amazing Display of a Girl And a Womanizer who must Succumb a Lumberjack in A Baloon Factory',2006,16,7,4.99,133,27.99,'PG','Commentaries,Deleted Scenes',1),(105,'BULL SHAWSHANK','A Fanciful Drama of a Moose And a Squirrel who must Conquer a Pioneer in The Canadian Rockies',2006,1,6,0.99,125,21.99,'NC-17','Deleted Scenes',1),(106,'BULWORTH COMMANDMENTS','A Amazing Display of a Mad Cow And a Pioneer who must Redeem a Sumo Wrestler in The Outback',2006,10,4,2.99,61,14.99,'G','Trailers',1),(107,'BUNCH MINDS','A Emotional Story of a Feminist And a Feminist who must Escape a Pastry Chef in A MySQL Convention',2006,7,4,2.99,63,13.99,'G','Behind the Scenes',1),(108,'BUTCH PANTHER','A Lacklusture Yarn of a Feminist And a Database Administrator who must Face a Hunter in New Orleans',2006,13,6,0.99,67,19.99,'PG-13','Trailers,Commentaries,Deleted Scenes',1),(110,'CABIN FLASH','A Stunning Epistle of a Boat And a Man who must Challenge a A Shark in A Baloon Factory',2006,3,4,0.99,53,25.99,'NC-17','Commentaries,Deleted Scenes',1),(111,'CADDYSHACK JEDI','A Awe-Inspiring Epistle of a Woman And a Madman who must Fight a Robot in Soviet Georgia',2006,1,3,0.99,52,17.99,'NC-17','Commentaries,Deleted Scenes',1),(112,'CALENDAR GUNFIGHT','A Thrilling Drama of a Frisbee And a Lumberjack who must Sink a Man in Nigeria',2006,9,4,4.99,120,22.99,'NC-17','Trailers,Commentaries,Behind the Scenes',1),(115,'CAMPUS REMEMBER','A Astounding Drama of a Crocodile And a Mad Cow who must Build a Robot in A Jet Boat',2006,1,5,2.99,167,27.99,'R','Behind the Scenes',1),(116,'CANDIDATE PERDITION','A Brilliant Epistle of a Composer And a Database Administrator who must Vanquish a Mad Scientist in The First Manned Space Station',2006,4,4,2.99,70,10.99,'R','Deleted Scenes,Behind the Scenes',1),(117,'CANDLES GRAPES','A Fanciful Character Study of a Monkey And a Explorer who must Build a Astronaut in An Abandoned Fun House',2006,10,6,4.99,135,15.99,'NC-17','Trailers,Deleted Scenes',1),(118,'CANYON STOCK','A Thoughtful Reflection of a Waitress And a Feminist who must Escape a Squirrel in A Manhattan Penthouse',2006,2,7,0.99,85,26.99,'R','Trailers,Deleted Scenes',1),(119,'CAPER MOTIONS','A Fateful Saga of a Moose And a Car who must Pursue a Woman in A MySQL Convention',2006,5,6,0.99,176,22.99,'G','Trailers,Commentaries,Deleted Scenes',1),(121,'CAROL TEXAS','A Astounding Character Study of a Composer And a Student who must Overcome a Composer in A Monastery',2006,2,4,2.99,151,15.99,'PG','Trailers,Behind the Scenes',1),(122,'CARRIE BUNCH','A Amazing Epistle of a Student And a Astronaut who must Discover a Frisbee in The Canadian Rockies',2006,11,7,0.99,114,11.99,'PG','Trailers,Commentaries,Behind the Scenes',1),(124,'CASPER DRAGONFLY','A Intrepid Documentary of a Boat And a Crocodile who must Chase a Robot in The Sahara Desert',2006,3,3,4.99,163,16.99,'PG-13','Trailers',1),(125,'CASSIDY WYOMING','A Intrepid Drama of a Frisbee And a Hunter who must Kill a Secret Agent in New Orleans',2006,16,5,2.99,61,19.99,'NC-17','Commentaries,Behind the Scenes',1),(126,'CASUALTIES ENCINO','A Insightful Yarn of a A Shark And a Pastry Chef who must Face a Boy in A Monastery',2006,1,3,4.99,179,16.99,'G','Trailers',1),(127,'CAT CONEHEADS','A Fast-Paced Panorama of a Girl And a A Shark who must Confront a Boy in Ancient India',2006,5,5,4.99,112,14.99,'G','Commentaries,Deleted Scenes',1),(131,'CENTER DINOSAUR','A Beautiful Character Study of a Sumo Wrestler And a Dentist who must Find a Dog in California',2006,4,5,4.99,152,12.99,'PG','Deleted Scenes',1),(132,'CHAINSAW UPTOWN','A Beautiful Documentary of a Boy And a Robot who must Discover a Squirrel in Australia',2006,14,6,0.99,114,25.99,'PG','Deleted Scenes,Behind the Scenes',1),(133,'CHAMBER ITALIAN','A Fateful Reflection of a Moose And a Husband who must Overcome a Monkey in Nigeria',2006,12,7,4.99,117,14.99,'NC-17','Trailers',1),(135,'CHANCE RESURRECTION','A Astounding Story of a Forensic Psychologist And a Forensic Psychologist who must Overcome a Moose in Ancient China',2006,15,3,2.99,70,22.99,'R','Commentaries,Deleted Scenes,Behind the Scenes',1),(136,'CHAPLIN LICENSE','A Boring Drama of a Dog And a Forensic Psychologist who must Outrace a Explorer in Ancient India',2006,13,7,2.99,146,26.99,'NC-17','Behind the Scenes',1),(140,'CHEAPER CLYDE','A Emotional Character Study of a Pioneer And a Girl who must Discover a Dog in Ancient Japan',2006,14,6,0.99,87,23.99,'G','Trailers,Commentaries,Behind the Scenes',1),(142,'CHICKEN HELLFIGHTERS','A Emotional Drama of a Dog And a Explorer who must Outrace a Technical Writer in Australia',2006,6,3,0.99,122,24.99,'PG','Trailers,Commentaries,Deleted Scenes,Behind the Scenes',1),(144,'CHINATOWN GLADIATOR','A Brilliant Panorama of a Technical Writer And a Lumberjack who must Escape a Butler in Ancient India',2006,13,7,4.99,61,24.99,'PG','Trailers,Commentaries,Deleted Scenes',1),(145,'CHISUM BEHAVIOR','A Epic Documentary of a Sumo Wrestler And a Butler who must Kill a Car in Ancient India',2006,8,5,4.99,124,25.99,'G','Trailers,Commentaries,Behind the Scenes',1),(146,'CHITTY LOCK','A Boring Epistle of a Boat And a Database Administrator who must Kill a Sumo Wrestler in The First Manned Space Station',2006,7,6,2.99,107,24.99,'G','Commentaries',1),(147,'CHOCOLAT HARRY','A Action-Packed Epistle of a Dentist And a Moose who must Meet a Mad Cow in Ancient Japan',2006,8,5,0.99,101,16.99,'NC-17','Commentaries,Behind the Scenes',1),(148,'CHOCOLATE DUCK','A Unbelieveable Story of a Mad Scientist And a Technical Writer who must Discover a Composer in Ancient China',2006,9,3,2.99,132,13.99,'R','Trailers,Commentaries,Behind the Scenes',1),(150,'CIDER DESIRE','A Stunning Character Study of a Composer And a Mad Cow who must Succumb a Cat in Soviet Georgia',2006,6,7,2.99,101,9.99,'PG','Behind the Scenes',1),(152,'CIRCUS YOUTH','A Thoughtful Drama of a Pastry Chef And a Dentist who must Pursue a Girl in A Baloon',2006,3,5,2.99,90,13.99,'PG-13','Trailers,Deleted Scenes,Behind the Scenes',1),(153,'CITIZEN SHREK','A Fanciful Character Study of a Technical Writer And a Husband who must Redeem a Robot in The Outback',2006,14,7,0.99,165,18.99,'G','Commentaries,Deleted Scenes',1),(154,'CLASH FREDDY','A Amazing Yarn of a Composer And a Squirrel who must Escape a Astronaut in Australia',2006,2,6,2.99,81,12.99,'G','Commentaries,Deleted Scenes',1),(155,'CLEOPATRA DEVIL','A Fanciful Documentary of a Crocodile And a Technical Writer who must Fight a A Shark in A Baloon',2006,13,6,0.99,150,26.99,'PG-13','Trailers,Deleted Scenes,Behind the Scenes',1),(158,'CLONES PINOCCHIO','A Amazing Drama of a Car And a Robot who must Pursue a Dentist in New Orleans',2006,12,6,2.99,124,16.99,'R','Behind the Scenes',1),(159,'CLOSER BANG','A Unbelieveable Panorama of a Frisbee And a Hunter who must Vanquish a Monkey in Ancient India',2006,5,5,4.99,58,12.99,'R','Trailers,Behind the Scenes',1),(160,'CLUB GRAFFITI','A Epic Tale of a Pioneer And a Hunter who must Escape a Girl in A U-Boat',2006,2,4,0.99,65,12.99,'PG-13','Trailers,Deleted Scenes',1),(162,'CLUELESS BUCKET','A Taut Tale of a Car And a Pioneer who must Conquer a Sumo Wrestler in An Abandoned Fun House',2006,1,4,2.99,95,13.99,'R','Trailers,Deleted Scenes,Behind the Scenes',1),(163,'CLYDE THEORY','A Beautiful Yarn of a Astronaut And a Frisbee who must Overcome a Explorer in A Jet Boat',2006,13,4,0.99,139,29.99,'PG-13','Commentaries,Deleted Scenes,Behind the Scenes',1),(164,'COAST RAINBOW','A Astounding Documentary of a Mad Cow And a Pioneer who must Challenge a Butler in The Sahara Desert',2006,6,4,0.99,55,20.99,'PG','Trailers,Commentaries,Deleted Scenes,Behind the Scenes',1),(165,'COLDBLOODED DARLING','A Brilliant Panorama of a Dentist And a Moose who must Find a Student in The Gulf of Mexico',2006,14,7,4.99,70,27.99,'G','Trailers,Deleted Scenes',1),(166,'COLOR PHILADELPHIA','A Thoughtful Panorama of a Car And a Crocodile who must Sink a Monkey in The Sahara Desert',2006,4,6,2.99,149,19.99,'G','Commentaries,Behind the Scenes',1),(168,'COMANCHEROS ENEMY','A Boring Saga of a Lumberjack And a Monkey who must Find a Monkey in The Gulf of Mexico',2006,3,5,0.99,67,23.99,'R','Trailers,Behind the Scenes',1),(170,'COMMAND DARLING','A Awe-Inspiring Tale of a Forensic Psychologist And a Woman who must Challenge a Database Administrator in Ancient Japan',2006,9,5,4.99,120,28.99,'PG-13','Behind the Scenes',1),(171,'COMMANDMENTS EXPRESS','A Fanciful Saga of a Student And a Mad Scientist who must Battle a Hunter in An Abandoned Mine Shaft',2006,11,6,4.99,59,13.99,'R','Trailers,Commentaries,Deleted Scenes',1),(172,'CONEHEADS SMOOCHY','A Touching Story of a Womanizer And a Composer who must Pursue a Husband in Nigeria',2006,7,7,4.99,112,12.99,'NC-17','Deleted Scenes,Behind the Scenes',1),(173,'CONFESSIONS MAGUIRE','A Insightful Story of a Car And a Boy who must Battle a Technical Writer in A Baloon',2006,7,7,4.99,65,25.99,'PG-13','Behind the Scenes',1),(176,'CONGENIALITY QUEST','A Touching Documentary of a Cat And a Pastry Chef who must Find a Lumberjack in A Baloon',2006,15,6,0.99,87,21.99,'PG-13','Commentaries,Behind the Scenes',1),(177,'CONNECTICUT TRAMP','A Unbelieveable Drama of a Crocodile And a Mad Cow who must Reach a Dentist in A Shark Tank',2006,14,4,4.99,172,20.99,'R','Commentaries,Deleted Scenes',1),(178,'CONNECTION MICROCOSMOS','A Fateful Documentary of a Crocodile And a Husband who must Face a Husband in The First Manned Space Station',2006,5,6,0.99,115,25.99,'G','Deleted Scenes,Behind the Scenes',1),(179,'CONQUERER NUTS','A Taut Drama of a Mad Scientist And a Man who must Escape a Pioneer in An Abandoned Mine Shaft',2006,7,4,4.99,173,14.99,'G','Commentaries,Deleted Scenes,Behind the Scenes',1),(182,'CONTROL ANTHEM','A Fateful Documentary of a Robot And a Student who must Battle a Cat in A Monastery',2006,5,7,4.99,185,9.99,'G','Commentaries',1),(185,'COWBOY DOOM','A Astounding Drama of a Boy And a Lumberjack who must Fight a Butler in A Baloon',2006,9,3,2.99,146,10.99,'PG','Commentaries,Deleted Scenes,Behind the Scenes',1),(186,'CRAFT OUTFIELD','A Lacklusture Display of a Explorer And a Hunter who must Succumb a Database Administrator in A Baloon Factory',2006,7,6,0.99,64,17.99,'NC-17','Deleted Scenes,Behind the Scenes',1),(187,'CRANES RESERVOIR','A Fanciful Documentary of a Teacher And a Dog who must Outgun a Forensic Psychologist in A Baloon Factory',2006,15,5,2.99,57,12.99,'NC-17','Commentaries',1),(188,'CRAZY HOME','A Fanciful Panorama of a Boy And a Woman who must Vanquish a Database Administrator in The Outback',2006,5,7,2.99,136,24.99,'PG','Commentaries,Deleted Scenes',1),(191,'CROOKED FROGMEN','A Unbelieveable Drama of a Hunter And a Database Administrator who must Battle a Crocodile in An Abandoned Amusement Park',2006,3,6,0.99,143,27.99,'PG-13','Commentaries,Deleted Scenes,Behind the Scenes',1),(193,'CROSSROADS CASUALTIES','A Intrepid Documentary of a Sumo Wrestler And a Astronaut who must Battle a Composer in The Outback',2006,2,5,2.99,153,20.99,'G','Trailers,Commentaries,Behind the Scenes',1),(194,'CROW GREASE','A Awe-Inspiring Documentary of a Woman And a Husband who must Sink a Database Administrator in The First Manned Space Station',2006,1,6,0.99,104,22.99,'PG','Trailers,Commentaries,Behind the Scenes',1),(195,'CROWDS TELEMARK','A Intrepid Documentary of a Astronaut And a Forensic Psychologist who must Find a Frisbee in An Abandoned Fun House',2006,14,3,4.99,112,16.99,'R','Trailers,Behind the Scenes',1),(197,'CRUSADE HONEY','A Fast-Paced Reflection of a Explorer And a Butler who must Battle a Madman in An Abandoned Amusement Park',2006,15,4,2.99,112,27.99,'R','Commentaries',1),(199,'CUPBOARD SINNERS','A Emotional Reflection of a Frisbee And a Boat who must Reach a Pastry Chef in An Abandoned Amusement Park',2006,6,4,2.99,56,29.99,'R','Behind the Scenes',1),(200,'CURTAIN VIDEOTAPE','A Boring Reflection of a Dentist And a Mad Cow who must Chase a Secret Agent in A Shark Tank',2006,10,7,0.99,133,27.99,'PG-13','Trailers,Commentaries,Deleted Scenes,Behind the Scenes',1),(201,'CYCLONE FAMILY','A Lacklusture Drama of a Student And a Monkey who must Sink a Womanizer in A MySQL Convention',2006,9,7,2.99,176,18.99,'PG','Trailers,Deleted Scenes',1),(202,'DADDY PITTSBURGH','A Epic Story of a A Shark And a Student who must Confront a Explorer in The Gulf of Mexico',2006,5,5,4.99,161,26.99,'G','Deleted Scenes,Behind the Scenes',1),(203,'DAISY MENAGERIE','A Fast-Paced Saga of a Pastry Chef And a Monkey who must Sink a Composer in Ancient India',2006,14,5,4.99,84,9.99,'G','Trailers,Commentaries,Behind the Scenes',1),(204,'DALMATIONS SWEDEN','A Emotional Epistle of a Moose And a Hunter who must Overcome a Robot in A Manhattan Penthouse',2006,7,4,0.99,106,25.99,'PG','Trailers,Commentaries,Deleted Scenes',1),(205,'DANCES NONE','A Insightful Reflection of a A Shark And a Dog who must Kill a Butler in An Abandoned Amusement Park',2006,1,3,0.99,58,22.99,'NC-17','Trailers,Commentaries,Deleted Scenes,Behind the Scenes',1),(208,'DARES PLUTO','A Fateful Story of a Robot And a Dentist who must Defeat a Astronaut in New Orleans',2006,2,7,2.99,89,16.99,'PG-13','Commentaries,Behind the Scenes',1),(212,'DARN FORRESTER','A Fateful Story of a A Shark And a Explorer who must Succumb a Technical Writer in A Jet Boat',2006,1,7,4.99,185,14.99,'G','Deleted Scenes',1),(213,'DATE SPEED','A Touching Saga of a Composer And a Moose who must Discover a Dentist in A MySQL Convention',2006,8,4,0.99,104,19.99,'R','Commentaries',1),(214,'DAUGHTER MADIGAN','A Beautiful Tale of a Hunter And a Mad Scientist who must Confront a Squirrel in The First Manned Space Station',2006,3,3,4.99,59,13.99,'PG-13','Trailers',1),(216,'DAY UNFAITHFUL','A Stunning Documentary of a Composer And a Mad Scientist who must Find a Technical Writer in A U-Boat',2006,13,3,4.99,113,16.99,'G','Trailers,Commentaries,Deleted Scenes,Behind the Scenes',1),(217,'DAZED PUNK','A Action-Packed Story of a Pioneer And a Technical Writer who must Discover a Forensic Psychologist in An Abandoned Amusement Park',2006,10,6,4.99,120,20.99,'G','Commentaries,Deleted Scenes',1),(218,'DECEIVER BETRAYED','A Taut Story of a Moose And a Squirrel who must Build a Husband in Ancient India',2006,7,7,0.99,122,22.99,'NC-17','Trailers,Commentaries,Deleted Scenes,Behind the Scenes',1),(219,'DEEP CRUSADE','A Amazing Tale of a Crocodile And a Squirrel who must Discover a Composer in Australia',2006,6,6,4.99,51,20.99,'PG-13','Commentaries,Behind the Scenes',1),(221,'DELIVERANCE MULHOLLAND','A Astounding Saga of a Monkey And a Moose who must Conquer a Butler in A Shark Tank',2006,6,4,0.99,100,9.99,'R','Deleted Scenes',1),(222,'DESERT POSEIDON','A Brilliant Documentary of a Butler And a Frisbee who must Build a Astronaut in New Orleans',2006,11,4,4.99,64,27.99,'R','Trailers,Behind the Scenes',1),(223,'DESIRE ALIEN','A Fast-Paced Tale of a Dog And a Forensic Psychologist who must Meet a Astronaut in The First Manned Space Station',2006,2,7,2.99,76,24.99,'NC-17','Deleted Scenes',1),(225,'DESTINATION JERK','A Beautiful Yarn of a Teacher And a Cat who must Build a Car in A U-Boat',2006,7,3,0.99,76,19.99,'PG-13','Trailers,Commentaries,Behind the Scenes',1),(226,'DESTINY SATURDAY','A Touching Drama of a Crocodile And a Crocodile who must Conquer a Explorer in Soviet Georgia',2006,13,4,4.99,56,20.99,'G','Trailers,Commentaries,Behind the Scenes',1),(231,'DINOSAUR SECRETARY','A Action-Packed Drama of a Feminist And a Girl who must Reach a Robot in The Canadian Rockies',2006,8,7,2.99,63,27.99,'R','Trailers,Behind the Scenes',1),(232,'DIRTY ACE','A Action-Packed Character Study of a Forensic Psychologist And a Girl who must Build a Dentist in The Outback',2006,10,7,2.99,147,29.99,'NC-17','Commentaries,Deleted Scenes,Behind the Scenes',1),(235,'DIVIDE MONSTER','A Intrepid Saga of a Man And a Forensic Psychologist who must Reach a Squirrel in A Monastery',2006,14,6,2.99,68,13.99,'PG-13','Trailers,Commentaries',1),(236,'DIVINE RESURRECTION','A Boring Character Study of a Man And a Womanizer who must Succumb a Teacher in An Abandoned Amusement Park',2006,10,4,2.99,100,19.99,'R','Trailers,Commentaries',1),(241,'DONNIE ALLEY','A Awe-Inspiring Tale of a Butler And a Frisbee who must Vanquish a Teacher in Ancient Japan',2006,2,4,0.99,125,20.99,'NC-17','Trailers,Commentaries,Behind the Scenes',1),(242,'DOOM DANCING','A Astounding Panorama of a Car And a Mad Scientist who must Battle a Lumberjack in A MySQL Convention',2006,5,4,0.99,68,13.99,'R','Trailers,Commentaries',1),(243,'DOORS PRESIDENT','A Awe-Inspiring Display of a Squirrel And a Woman who must Overcome a Boy in The Gulf of Mexico',2006,2,3,4.99,49,22.99,'NC-17','Trailers,Commentaries,Deleted Scenes,Behind the Scenes',1),(244,'DORADO NOTTING','A Action-Packed Tale of a Sumo Wrestler And a A Shark who must Meet a Frisbee in California',2006,12,5,4.99,139,26.99,'NC-17','Commentaries',1),(245,'DOUBLE WRATH','A Thoughtful Yarn of a Womanizer And a Dog who must Challenge a Madman in The Gulf of Mexico',2006,2,4,0.99,177,28.99,'R','Trailers,Deleted Scenes,Behind the Scenes',1),(249,'DRACULA CRYSTAL','A Thrilling Reflection of a Feminist And a Cat who must Find a Frisbee in An Abandoned Fun House',2006,4,7,0.99,176,26.99,'G','Commentaries',1),(251,'DRAGONFLY STRANGERS','A Boring Documentary of a Pioneer And a Man who must Vanquish a Man in Nigeria',2006,13,6,4.99,133,19.99,'NC-17','Trailers,Behind the Scenes',1),(252,'DREAM PICKUP','A Epic Display of a Car And a Composer who must Overcome a Forensic Psychologist in The Gulf of Mexico',2006,1,6,2.99,135,18.99,'PG','Trailers,Commentaries,Behind the Scenes',1),(253,'DRIFTER COMMANDMENTS','A Epic Reflection of a Womanizer And a Squirrel who must Discover a Husband in A Jet Boat',2006,1,5,4.99,61,18.99,'PG-13','Trailers,Behind the Scenes',1),(254,'DRIVER ANNIE','A Lacklusture Character Study of a Butler And a Car who must Redeem a Boat in An Abandoned Fun House',2006,15,4,2.99,159,11.99,'PG-13','Trailers,Deleted Scenes,Behind the Scenes',1),(255,'DRIVING POLISH','A Action-Packed Yarn of a Feminist And a Technical Writer who must Sink a Boat in An Abandoned Mine Shaft',2006,12,6,4.99,175,21.99,'NC-17','Trailers,Deleted Scenes',1),(256,'DROP WATERFRONT','A Fanciful Documentary of a Husband And a Explorer who must Reach a Madman in Ancient China',2006,15,6,4.99,178,20.99,'R','Trailers,Commentaries',1),(258,'DRUMS DYNAMITE','A Epic Display of a Crocodile And a Crocodile who must Confront a Dog in An Abandoned Amusement Park',2006,11,6,0.99,96,11.99,'PG','Trailers',1),(259,'DUCK RACER','A Lacklusture Yarn of a Teacher And a Squirrel who must Overcome a Dog in A Shark Tank',2006,2,4,2.99,116,15.99,'NC-17','Behind the Scenes',1),(260,'DUDE BLINDNESS','A Stunning Reflection of a Husband And a Lumberjack who must Face a Frisbee in An Abandoned Fun House',2006,15,3,4.99,132,9.99,'G','Trailers,Deleted Scenes',1),(262,'DUMBO LUST','A Touching Display of a Feminist And a Dentist who must Conquer a Husband in The Gulf of Mexico',2006,8,5,0.99,119,17.99,'NC-17','Behind the Scenes',1),(263,'DURHAM PANKY','A Brilliant Panorama of a Girl And a Boy who must Face a Mad Scientist in An Abandoned Mine Shaft',2006,15,6,4.99,154,14.99,'R','Trailers,Commentaries',1),(266,'DYNAMITE TARZAN','A Intrepid Documentary of a Forensic Psychologist And a Mad Scientist who must Face a Explorer in A U-Boat',2006,4,4,0.99,141,27.99,'PG-13','Deleted Scenes',1),(267,'EAGLES PANKY','A Thoughtful Story of a Car And a Boy who must Find a A Shark in The Sahara Desert',2006,13,4,4.99,140,14.99,'NC-17','Trailers,Commentaries,Behind the Scenes',1),(268,'EARLY HOME','A Amazing Panorama of a Mad Scientist And a Husband who must Meet a Woman in The Outback',2006,2,6,4.99,96,27.99,'NC-17','Trailers,Commentaries,Behind the Scenes',1),(269,'EARRING INSTINCT','A Stunning Character Study of a Dentist And a Mad Cow who must Find a Teacher in Nigeria',2006,8,3,0.99,98,22.99,'R','Behind the Scenes',1),(271,'EASY GLADIATOR','A Fateful Story of a Monkey And a Girl who must Overcome a Pastry Chef in Ancient India',2006,1,5,4.99,148,12.99,'G','Trailers,Commentaries,Behind the Scenes',1),(273,'EFFECT GLADIATOR','A Beautiful Display of a Pastry Chef And a Pastry Chef who must Outgun a Forensic Psychologist in A Manhattan Penthouse',2006,8,6,0.99,107,14.99,'PG','Commentaries',1),(274,'EGG IGBY','A Beautiful Documentary of a Boat And a Sumo Wrestler who must Succumb a Database Administrator in The First Manned Space Station',2006,6,4,2.99,67,20.99,'PG','Commentaries,Behind the Scenes',1),(275,'EGYPT TENENBAUMS','A Intrepid Story of a Madman And a Secret Agent who must Outrace a Astronaut in An Abandoned Amusement Park',2006,11,3,0.99,85,11.99,'PG','Commentaries,Deleted Scenes,Behind the Scenes',1),(277,'ELEPHANT TROJAN','A Beautiful Panorama of a Lumberjack And a Forensic Psychologist who must Overcome a Frisbee in A Baloon',2006,11,4,4.99,126,24.99,'PG-13','Behind the Scenes',1),(279,'ELIZABETH SHANE','A Lacklusture Display of a Womanizer And a Dog who must Face a Sumo Wrestler in Ancient Japan',2006,15,7,4.99,152,11.99,'NC-17','Trailers,Deleted Scenes,Behind the Scenes',1),(280,'EMPIRE MALKOVICH','A Amazing Story of a Feminist And a Cat who must Face a Car in An Abandoned Fun House',2006,3,7,0.99,177,26.99,'G','Deleted Scenes',1),(281,'ENCINO ELF','A Astounding Drama of a Feminist And a Teacher who must Confront a Husband in A Baloon',2006,10,6,0.99,143,9.99,'G','Trailers,Behind the Scenes',1),(282,'ENCOUNTERS CURTAIN','A Insightful Epistle of a Pastry Chef And a Womanizer who must Build a Boat in New Orleans',2006,7,5,0.99,92,20.99,'NC-17','Trailers',1),(283,'ENDING CROWDS','A Unbelieveable Display of a Dentist And a Madman who must Vanquish a Squirrel in Berlin',2006,13,6,0.99,85,10.99,'NC-17','Commentaries,Behind the Scenes',1),(284,'ENEMY ODDS','A Fanciful Panorama of a Mad Scientist And a Woman who must Pursue a Astronaut in Ancient India',2006,12,5,4.99,77,23.99,'NC-17','Trailers',1),(286,'ENOUGH RAGING','A Astounding Character Study of a Boat And a Secret Agent who must Find a Mad Cow in The Sahara Desert',2006,16,7,2.99,158,16.99,'NC-17','Commentaries',1),(287,'ENTRAPMENT SATISFACTION','A Thoughtful Panorama of a Hunter And a Teacher who must Reach a Mad Cow in A U-Boat',2006,1,5,0.99,176,19.99,'R','Commentaries,Deleted Scenes,Behind the Scenes',1),(288,'ESCAPE METROPOLIS','A Taut Yarn of a Astronaut And a Technical Writer who must Outgun a Boat in New Orleans',2006,16,7,2.99,167,20.99,'R','Trailers',1),(289,'EVE RESURRECTION','A Awe-Inspiring Yarn of a Pastry Chef And a Database Administrator who must Challenge a Teacher in A Baloon',2006,13,5,4.99,66,25.99,'G','Trailers,Commentaries,Deleted Scenes',1),(290,'EVERYONE CRAFT','A Fateful Display of a Waitress And a Dentist who must Reach a Butler in Nigeria',2006,9,4,0.99,163,29.99,'PG','Trailers,Commentaries',1),(291,'EVOLUTION ALTER','A Fanciful Character Study of a Feminist And a Madman who must Find a Explorer in A Baloon Factory',2006,15,5,0.99,174,10.99,'PG-13','Behind the Scenes',1),(292,'EXCITEMENT EVE','A Brilliant Documentary of a Monkey And a Car who must Conquer a Crocodile in A Shark Tank',2006,1,3,0.99,51,20.99,'G','Commentaries',1),(293,'EXORCIST STING','A Touching Drama of a Dog And a Sumo Wrestler who must Conquer a Mad Scientist in Berlin',2006,15,6,2.99,167,17.99,'G','Commentaries,Deleted Scenes,Behind the Scenes',1),(294,'EXPECATIONS NATURAL','A Amazing Drama of a Butler And a Husband who must Reach a A Shark in A U-Boat',2006,16,5,4.99,138,26.99,'PG-13','Deleted Scenes',1),(296,'EXPRESS LONELY','A Boring Drama of a Astronaut And a Boat who must Face a Boat in California',2006,14,5,2.99,178,23.99,'R','Trailers',1),(299,'FACTORY DRAGON','A Action-Packed Saga of a Teacher And a Frisbee who must Escape a Lumberjack in The Sahara Desert',2006,16,4,0.99,144,9.99,'PG-13','Trailers,Commentaries,Deleted Scenes',1),(301,'FAMILY SWEET','A Epic Documentary of a Teacher And a Boy who must Escape a Woman in Berlin',2006,11,4,0.99,155,24.99,'R','Trailers',1),(305,'FATAL HAUNTED','A Beautiful Drama of a Student And a Secret Agent who must Confront a Dentist in Ancient Japan',2006,13,6,2.99,91,24.99,'PG','Trailers,Behind the Scenes',1),(306,'FEATHERS METAL','A Thoughtful Yarn of a Monkey And a Teacher who must Find a Dog in Australia',2006,10,3,0.99,104,12.99,'PG-13','Trailers,Deleted Scenes',1),(308,'FERRIS MOTHER','A Touching Display of a Frisbee And a Frisbee who must Kill a Girl in The Gulf of Mexico',2006,5,3,2.99,142,13.99,'PG','Trailers,Deleted Scenes,Behind the Scenes',1),(309,'FEUD FROGMEN','A Brilliant Reflection of a Database Administrator And a Mad Cow who must Chase a Woman in The Canadian Rockies',2006,8,6,0.99,98,29.99,'R','Trailers,Commentaries,Deleted Scenes,Behind the Scenes',1),(310,'FEVER EMPIRE','A Insightful Panorama of a Cat And a Boat who must Defeat a Boat in The Gulf of Mexico',2006,10,5,4.99,158,20.99,'R','Commentaries,Deleted Scenes',1),(311,'FICTION CHRISTMAS','A Emotional Yarn of a A Shark And a Student who must Battle a Robot in An Abandoned Mine Shaft',2006,9,4,0.99,72,14.99,'PG','Trailers,Commentaries,Deleted Scenes,Behind the Scenes',1),(312,'FIDDLER LOST','A Boring Tale of a Squirrel And a Dog who must Challenge a Madman in The Gulf of Mexico',2006,14,4,4.99,75,20.99,'R','Deleted Scenes,Behind the Scenes',1),(313,'FIDELITY DEVIL','A Awe-Inspiring Drama of a Technical Writer And a Composer who must Reach a Pastry Chef in A U-Boat',2006,11,5,4.99,118,11.99,'G','Trailers,Deleted Scenes,Behind the Scenes',1),(314,'FIGHT JAWBREAKER','A Intrepid Panorama of a Womanizer And a Girl who must Escape a Girl in A Manhattan Penthouse',2006,2,3,0.99,91,13.99,'R','Trailers,Commentaries,Deleted Scenes,Behind the Scenes',1),(316,'FIRE WOLVES','A Intrepid Documentary of a Frisbee And a Dog who must Outrace a Lumberjack in Nigeria',2006,10,5,4.99,173,18.99,'R','Trailers',1),(317,'FIREBALL PHILADELPHIA','A Amazing Yarn of a Dentist And a A Shark who must Vanquish a Madman in An Abandoned Mine Shaft',2006,5,4,0.99,148,25.99,'PG','Trailers,Commentaries,Behind the Scenes',1),(318,'FIREHOUSE VIETNAM','A Awe-Inspiring Character Study of a Boat And a Boy who must Kill a Pastry Chef in The Sahara Desert',2006,1,7,0.99,103,14.99,'G','Commentaries,Deleted Scenes',1),(321,'FLASH WARS','A Astounding Saga of a Moose And a Pastry Chef who must Chase a Student in The Gulf of Mexico',2006,13,3,4.99,123,21.99,'NC-17','Trailers,Commentaries,Behind the Scenes',1),(326,'FLYING HOOK','A Thrilling Display of a Mad Cow And a Dog who must Challenge a Frisbee in Nigeria',2006,2,6,2.99,69,18.99,'NC-17','Trailers,Commentaries,Behind the Scenes',1),(327,'FOOL MOCKINGBIRD','A Lacklusture Tale of a Crocodile And a Composer who must Defeat a Madman in A U-Boat',2006,1,3,4.99,158,24.99,'PG','Trailers,Commentaries',1),(329,'FORREST SONS','A Thrilling Documentary of a Forensic Psychologist And a Butler who must Defeat a Explorer in A Jet Boat',2006,1,4,2.99,63,15.99,'R','Commentaries',1),(334,'FREDDY STORM','A Intrepid Saga of a Man And a Lumberjack who must Vanquish a Husband in The Outback',2006,11,6,4.99,65,21.99,'NC-17','Trailers,Commentaries,Behind the Scenes',1),(335,'FREEDOM CLEOPATRA','A Emotional Reflection of a Dentist And a Mad Cow who must Face a Squirrel in A Baloon',2006,5,5,0.99,133,23.99,'PG-13','Trailers,Commentaries,Behind the Scenes',1),(336,'FRENCH HOLIDAY','A Thrilling Epistle of a Dog And a Feminist who must Kill a Madman in Berlin',2006,6,5,4.99,99,22.99,'PG','Behind the Scenes',1),(337,'FRIDA SLIPPER','A Fateful Story of a Lumberjack And a Car who must Escape a Boat in An Abandoned Mine Shaft',2006,9,6,2.99,73,11.99,'R','Trailers,Deleted Scenes',1),(338,'FRISCO FORREST','A Beautiful Documentary of a Woman And a Pioneer who must Pursue a Mad Scientist in A Shark Tank',2006,14,6,4.99,51,23.99,'PG','Commentaries,Deleted Scenes,Behind the Scenes',1),(340,'FRONTIER CABIN','A Emotional Story of a Madman And a Waitress who must Battle a Teacher in An Abandoned Fun House',2006,13,6,4.99,183,14.99,'PG-13','Commentaries,Deleted Scenes',1),(341,'FROST HEAD','A Amazing Reflection of a Lumberjack And a Cat who must Discover a Husband in A MySQL Convention',2006,4,5,0.99,82,13.99,'PG','Trailers,Deleted Scenes',1),(342,'FUGITIVE MAGUIRE','A Taut Epistle of a Feminist And a Sumo Wrestler who must Battle a Crocodile in Australia',2006,16,7,4.99,83,28.99,'R','Trailers,Commentaries,Deleted Scenes',1),(344,'FURY MURDER','A Lacklusture Reflection of a Boat And a Forensic Psychologist who must Fight a Waitress in A Monastery',2006,3,3,0.99,178,28.99,'PG-13','Deleted Scenes',1),(345,'GABLES METROPOLIS','A Fateful Display of a Cat And a Pioneer who must Challenge a Pastry Chef in A Baloon Factory',2006,8,3,0.99,161,17.99,'PG','Trailers,Commentaries',1),(346,'GALAXY SWEETHEARTS','A Emotional Reflection of a Womanizer And a Pioneer who must Face a Squirrel in Berlin',2006,4,4,4.99,128,13.99,'R','Deleted Scenes',1),(347,'GAMES BOWFINGER','A Astounding Documentary of a Butler And a Explorer who must Challenge a Butler in A Monastery',2006,16,7,4.99,119,17.99,'PG-13','Behind the Scenes',1),(348,'GANDHI KWAI','A Thoughtful Display of a Mad Scientist And a Secret Agent who must Chase a Boat in Berlin',2006,8,7,0.99,86,9.99,'PG-13','Trailers',1),(349,'GANGS PRIDE','A Taut Character Study of a Woman And a A Shark who must Confront a Frisbee in Berlin',2006,2,4,2.99,185,27.99,'PG-13','Behind the Scenes',1),(351,'GASLIGHT CRUSADE','A Amazing Epistle of a Boy And a Astronaut who must Redeem a Man in The Gulf of Mexico',2006,11,4,2.99,106,10.99,'PG','Trailers,Deleted Scenes',1),(353,'GENTLEMEN STAGE','A Awe-Inspiring Reflection of a Monkey And a Student who must Overcome a Dentist in The First Manned Space Station',2006,9,6,2.99,125,22.99,'NC-17','Commentaries,Deleted Scenes',1),(355,'GHOSTBUSTERS ELF','A Thoughtful Epistle of a Dog And a Feminist who must Chase a Composer in Berlin',2006,2,7,0.99,101,18.99,'R','Trailers,Deleted Scenes,Behind the Scenes',1),(357,'GILBERT PELICAN','A Fateful Tale of a Man And a Feminist who must Conquer a Crocodile in A Manhattan Penthouse',2006,4,7,0.99,114,13.99,'G','Trailers,Commentaries',1),(358,'GILMORE BOILED','A Unbelieveable Documentary of a Boat And a Husband who must Succumb a Student in A U-Boat',2006,4,5,0.99,163,29.99,'R','Trailers,Behind the Scenes',1),(359,'GLADIATOR WESTWARD','A Astounding Reflection of a Squirrel And a Sumo Wrestler who must Sink a Dentist in Ancient Japan',2006,8,6,4.99,173,20.99,'PG','Commentaries,Deleted Scenes',1),(361,'GLEAMING JAWBREAKER','A Amazing Display of a Composer And a Forensic Psychologist who must Discover a Car in The Canadian Rockies',2006,15,5,2.99,89,25.99,'NC-17','Trailers,Commentaries',1),(364,'GODFATHER DIARY','A Stunning Saga of a Lumberjack And a Squirrel who must Chase a Car in The Outback',2006,13,3,2.99,73,14.99,'NC-17','Trailers',1),(366,'GOLDFINGER SENSIBILITY','A Insightful Drama of a Mad Scientist And a Hunter who must Defeat a Pastry Chef in New Orleans',2006,7,3,0.99,93,29.99,'G','Trailers,Commentaries,Behind the Scenes',1),(367,'GOLDMINE TYCOON','A Brilliant Epistle of a Composer And a Frisbee who must Conquer a Husband in The Outback',2006,14,6,0.99,153,20.99,'R','Trailers,Behind the Scenes',1),(368,'GONE TROUBLE','A Insightful Character Study of a Mad Cow And a Forensic Psychologist who must Conquer a A Shark in A Manhattan Penthouse',2006,7,7,2.99,84,20.99,'R','Deleted Scenes,Behind the Scenes',1),(369,'GOODFELLAS SALUTE','A Unbelieveable Tale of a Dog And a Explorer who must Sink a Mad Cow in A Baloon Factory',2006,14,4,4.99,56,22.99,'PG','Deleted Scenes',1),(370,'GORGEOUS BINGO','A Action-Packed Display of a Sumo Wrestler And a Car who must Overcome a Waitress in A Baloon Factory',2006,3,4,2.99,108,26.99,'R','Deleted Scenes,Behind the Scenes',1),(375,'GRAIL FRANKENSTEIN','A Unbelieveable Saga of a Teacher And a Monkey who must Fight a Girl in An Abandoned Mine Shaft',2006,1,4,2.99,85,17.99,'NC-17','Commentaries,Deleted Scenes,Behind the Scenes',1),(378,'GREATEST NORTH','A Astounding Character Study of a Secret Agent And a Robot who must Build a A Shark in Berlin',2006,12,5,2.99,93,24.99,'NC-17','Trailers,Commentaries,Behind the Scenes',1),(379,'GREEDY ROOTS','A Amazing Reflection of a A Shark And a Butler who must Chase a Hunter in The Canadian Rockies',2006,7,7,0.99,166,14.99,'R','Trailers,Commentaries,Deleted Scenes',1),(380,'GREEK EVERYONE','A Stunning Display of a Butler And a Teacher who must Confront a A Shark in The First Manned Space Station',2006,9,7,2.99,176,11.99,'PG','Trailers,Deleted Scenes',1),(381,'GRINCH MASSAGE','A Intrepid Display of a Madman And a Feminist who must Pursue a Pioneer in The First Manned Space Station',2006,10,7,4.99,150,25.99,'R','Trailers',1),(383,'GROOVE FICTION','A Unbelieveable Reflection of a Moose And a A Shark who must Defeat a Lumberjack in An Abandoned Mine Shaft',2006,15,6,0.99,111,13.99,'NC-17','Behind the Scenes',1),(385,'GROUNDHOG UNCUT','A Brilliant Panorama of a Astronaut And a Technical Writer who must Discover a Butler in A Manhattan Penthouse',2006,5,6,4.99,139,26.99,'PG-13','Trailers,Commentaries,Deleted Scenes,Behind the Scenes',1),(386,'GUMP DATE','A Intrepid Yarn of a Explorer And a Student who must Kill a Husband in An Abandoned Mine Shaft',2006,16,3,4.99,53,12.99,'NC-17','Deleted Scenes',1),(387,'GUN BONNIE','A Boring Display of a Sumo Wrestler And a Husband who must Build a Waitress in The Gulf of Mexico',2006,10,7,0.99,100,27.99,'G','Behind the Scenes',1),(389,'GUNFIGHTER MUSSOLINI','A Touching Saga of a Robot And a Boy who must Kill a Man in Ancient Japan',2006,15,3,2.99,127,9.99,'PG-13','Trailers,Commentaries',1),(390,'GUYS FALCON','A Boring Story of a Woman And a Feminist who must Redeem a Squirrel in A U-Boat',2006,14,4,4.99,84,20.99,'R','Trailers,Commentaries,Behind the Scenes',1),(392,'HALL CASSIDY','A Beautiful Panorama of a Pastry Chef And a A Shark who must Battle a Pioneer in Soviet Georgia',2006,3,5,4.99,51,13.99,'NC-17','Commentaries,Behind the Scenes',1),(393,'HALLOWEEN NUTS','A Amazing Panorama of a Forensic Psychologist And a Technical Writer who must Fight a Dentist in A U-Boat',2006,6,6,2.99,47,19.99,'PG-13','Deleted Scenes',1),(395,'HANDICAP BOONDOCK','A Beautiful Display of a Pioneer And a Squirrel who must Vanquish a Sumo Wrestler in Soviet Georgia',2006,1,4,0.99,108,28.99,'R','Commentaries,Deleted Scenes,Behind the Scenes',1),(396,'HANGING DEEP','A Action-Packed Yarn of a Boat And a Crocodile who must Build a Monkey in Berlin',2006,7,5,4.99,62,18.99,'G','Trailers,Commentaries,Deleted Scenes',1),(398,'HANOVER GALAXY','A Stunning Reflection of a Girl And a Secret Agent who must Succumb a Boy in A MySQL Convention',2006,12,5,4.99,47,21.99,'NC-17','Commentaries,Deleted Scenes,Behind the Scenes',1),(399,'HAPPINESS UNITED','A Action-Packed Panorama of a Husband And a Feminist who must Meet a Forensic Psychologist in Ancient Japan',2006,9,6,2.99,100,23.99,'G','Deleted Scenes',1),(400,'HARDLY ROBBERS','A Emotional Character Study of a Hunter And a Car who must Kill a Woman in Berlin',2006,6,7,2.99,72,15.99,'R','Trailers,Behind the Scenes',1),(401,'HAROLD FRENCH','A Stunning Saga of a Sumo Wrestler And a Student who must Outrace a Moose in The Sahara Desert',2006,7,6,0.99,168,10.99,'NC-17','Commentaries,Deleted Scenes,Behind the Scenes',1),(404,'HATE HANDICAP','A Intrepid Reflection of a Mad Scientist And a Pioneer who must Overcome a Hunter in The First Manned Space Station',2006,5,4,0.99,107,26.99,'PG','Trailers,Commentaries,Behind the Scenes',1),(405,'HAUNTED ANTITRUST','A Amazing Saga of a Man And a Dentist who must Reach a Technical Writer in Ancient India',2006,16,6,4.99,76,13.99,'NC-17','Trailers,Deleted Scenes',1),(410,'HEAVEN FREEDOM','A Intrepid Story of a Butler And a Car who must Vanquish a Man in New Orleans',2006,5,7,2.99,48,19.99,'PG','Commentaries',1),(411,'HEAVENLY GUN','A Beautiful Yarn of a Forensic Psychologist And a Frisbee who must Battle a Moose in A Jet Boat',2006,12,5,4.99,49,13.99,'NC-17','Behind the Scenes',1),(414,'HELLFIGHTERS SIERRA','A Taut Reflection of a A Shark And a Dentist who must Battle a Boat in Soviet Georgia',2006,9,3,2.99,75,23.99,'PG','Deleted Scenes,Behind the Scenes',1),(415,'HIGH ENCINO','A Fateful Saga of a Waitress And a Hunter who must Outrace a Sumo Wrestler in Australia',2006,11,3,2.99,84,23.99,'R','Trailers,Commentaries,Behind the Scenes',1),(416,'HIGHBALL POTTER','A Action-Packed Saga of a Husband And a Dog who must Redeem a Database Administrator in The Sahara Desert',2006,9,6,0.99,110,10.99,'R','Deleted Scenes',1),(417,'HILLS NEIGHBORS','A Epic Display of a Hunter And a Feminist who must Sink a Car in A U-Boat',2006,1,5,0.99,93,29.99,'G','Trailers,Commentaries,Deleted Scenes,Behind the Scenes',1),(418,'HOBBIT ALIEN','A Emotional Drama of a Husband And a Girl who must Outgun a Composer in The First Manned Space Station',2006,7,5,0.99,157,27.99,'PG-13','Commentaries',1),(419,'HOCUS FRIDA','A Awe-Inspiring Tale of a Girl And a Madman who must Outgun a Student in A Shark Tank',2006,8,4,2.99,141,19.99,'G','Trailers,Deleted Scenes,Behind the Scenes',1),(420,'HOLES BRANNIGAN','A Fast-Paced Reflection of a Technical Writer And a Student who must Fight a Boy in The Canadian Rockies',2006,15,7,4.99,128,27.99,'PG','Commentaries,Behind the Scenes',1),(426,'HOME PITY','A Touching Panorama of a Man And a Secret Agent who must Challenge a Teacher in A MySQL Convention',2006,12,7,4.99,185,15.99,'R','Trailers,Commentaries,Behind the Scenes',1),(427,'HOMEWARD CIDER','A Taut Reflection of a Astronaut And a Squirrel who must Fight a Squirrel in A Manhattan Penthouse',2006,6,5,0.99,103,19.99,'R','Trailers',1),(428,'HOMICIDE PEACH','A Astounding Documentary of a Hunter And a Boy who must Confront a Boy in A MySQL Convention',2006,8,6,2.99,141,21.99,'PG-13','Commentaries',1),(429,'HONEY TIES','A Taut Story of a Waitress And a Crocodile who must Outrace a Lumberjack in A Shark Tank',2006,15,3,0.99,84,29.99,'R','Trailers,Commentaries,Deleted Scenes',1),(430,'HOOK CHARIOTS','A Insightful Story of a Boy And a Dog who must Redeem a Boy in Australia',2006,2,7,0.99,49,23.99,'G','Trailers,Commentaries,Behind the Scenes',1),(431,'HOOSIERS BIRDCAGE','A Astounding Display of a Explorer And a Boat who must Vanquish a Car in The First Manned Space Station',2006,9,3,2.99,176,12.99,'G','Trailers,Commentaries,Deleted Scenes',1),(433,'HORN WORKING','A Stunning Display of a Mad Scientist And a Technical Writer who must Succumb a Monkey in A Shark Tank',2006,2,4,2.99,95,23.99,'PG','Trailers',1),(434,'HORROR REIGN','A Touching Documentary of a A Shark And a Car who must Build a Husband in Nigeria',2006,16,3,0.99,139,25.99,'R','Deleted Scenes,Behind the Scenes',1),(435,'HOTEL HAPPINESS','A Thrilling Yarn of a Pastry Chef And a A Shark who must Challenge a Mad Scientist in The Outback',2006,9,6,4.99,181,28.99,'PG-13','Behind the Scenes',1),(436,'HOURS RAGE','A Fateful Story of a Explorer And a Feminist who must Meet a Technical Writer in Soviet Georgia',2006,13,4,0.99,122,14.99,'NC-17','Trailers,Deleted Scenes',1),(438,'HUMAN GRAFFITI','A Beautiful Reflection of a Womanizer And a Sumo Wrestler who must Chase a Database Administrator in The Gulf of Mexico',2006,10,3,2.99,68,22.99,'NC-17','Trailers,Behind the Scenes',1),(441,'HUNTER ALTER','A Emotional Drama of a Mad Cow And a Boat who must Redeem a Secret Agent in A Shark Tank',2006,6,5,2.99,125,21.99,'PG-13','Commentaries,Deleted Scenes,Behind the Scenes',1),(444,'HUSTLER PARTY','A Emotional Reflection of a Sumo Wrestler And a Monkey who must Conquer a Robot in The Sahara Desert',2006,5,3,4.99,83,22.99,'NC-17','Trailers,Commentaries,Behind the Scenes',1),(445,'HYDE DOCTOR','A Fanciful Documentary of a Boy And a Woman who must Redeem a Womanizer in A Jet Boat',2006,4,5,2.99,100,11.99,'G','Trailers,Deleted Scenes',1),(448,'IDAHO LOVE','A Fast-Paced Drama of a Student And a Crocodile who must Meet a Database Administrator in The Outback',2006,13,3,2.99,172,25.99,'PG-13','Trailers,Commentaries,Deleted Scenes,Behind the Scenes',1),(449,'IDENTITY LOVER','A Boring Tale of a Composer And a Mad Cow who must Defeat a Car in The Outback',2006,14,4,2.99,119,12.99,'PG-13','Deleted Scenes',1),(450,'IDOLS SNATCHERS','A Insightful Drama of a Car And a Composer who must Fight a Man in A Monastery',2006,3,5,2.99,84,29.99,'NC-17','Trailers',1),(451,'IGBY MAKER','A Epic Documentary of a Hunter And a Dog who must Outgun a Dog in A Baloon Factory',2006,16,7,4.99,160,12.99,'NC-17','Trailers,Behind the Scenes',1),(453,'IMAGE PRINCESS','A Lacklusture Panorama of a Secret Agent And a Crocodile who must Discover a Madman in The Canadian Rockies',2006,15,3,2.99,178,17.99,'PG-13','Trailers,Commentaries,Deleted Scenes',1),(454,'IMPACT ALADDIN','A Epic Character Study of a Frisbee And a Moose who must Outgun a Technical Writer in A Shark Tank',2006,12,6,0.99,180,20.99,'PG-13','Trailers,Deleted Scenes',1),(455,'IMPOSSIBLE PREJUDICE','A Awe-Inspiring Yarn of a Monkey And a Hunter who must Chase a Teacher in Ancient China',2006,9,7,4.99,103,11.99,'NC-17','Deleted Scenes',1),(456,'INCH JET','A Fateful Saga of a Womanizer And a Student who must Defeat a Butler in A Monastery',2006,2,6,4.99,167,18.99,'NC-17','Deleted Scenes',1),(457,'INDEPENDENCE HOTEL','A Thrilling Tale of a Technical Writer And a Boy who must Face a Pioneer in A Monastery',2006,6,5,0.99,157,21.99,'NC-17','Trailers,Behind the Scenes',1),(458,'INDIAN LOVE','A Insightful Saga of a Mad Scientist And a Mad Scientist who must Kill a Astronaut in An Abandoned Fun House',2006,8,4,0.99,135,26.99,'NC-17','Trailers,Commentaries,Deleted Scenes,Behind the Scenes',1),(460,'INNOCENT USUAL','A Beautiful Drama of a Pioneer And a Crocodile who must Challenge a Student in The Outback',2006,9,3,4.99,178,26.99,'PG-13','Trailers,Deleted Scenes,Behind the Scenes',1),(462,'INSIDER ARIZONA','A Astounding Saga of a Mad Scientist And a Hunter who must Pursue a Robot in A Baloon Factory',2006,12,5,2.99,78,17.99,'NC-17','Commentaries',1),(463,'INSTINCT AIRPORT','A Touching Documentary of a Mad Cow And a Explorer who must Confront a Butler in A Manhattan Penthouse',2006,15,4,2.99,116,21.99,'PG','Commentaries,Deleted Scenes',1),(466,'INTOLERABLE INTENTIONS','A Awe-Inspiring Story of a Monkey And a Pastry Chef who must Succumb a Womanizer in A MySQL Convention',2006,6,6,4.99,63,20.99,'PG-13','Commentaries,Behind the Scenes',1),(467,'INTRIGUE WORST','A Fanciful Character Study of a Explorer And a Mad Scientist who must Vanquish a Squirrel in A Jet Boat',2006,9,6,0.99,181,10.99,'G','Deleted Scenes',1),(469,'IRON MOON','A Fast-Paced Documentary of a Mad Cow And a Boy who must Pursue a Dentist in A Baloon',2006,4,7,4.99,46,27.99,'PG','Commentaries,Behind the Scenes',1),(472,'ITALIAN AFRICAN','A Astounding Character Study of a Monkey And a Moose who must Outgun a Cat in A U-Boat',2006,16,3,4.99,174,24.99,'G','Trailers,Commentaries,Deleted Scenes',1),(473,'JACKET FRISCO','A Insightful Reflection of a Womanizer And a Husband who must Conquer a Pastry Chef in A Baloon',2006,7,5,2.99,181,16.99,'PG-13','Trailers,Deleted Scenes,Behind the Scenes',1),(475,'JAPANESE RUN','A Awe-Inspiring Epistle of a Feminist And a Girl who must Sink a Girl in The Outback',2006,11,6,0.99,135,29.99,'G','Deleted Scenes',1),(477,'JAWBREAKER BROOKLYN','A Stunning Reflection of a Boat And a Pastry Chef who must Succumb a A Shark in A Jet Boat',2006,12,5,0.99,118,15.99,'PG','Trailers,Behind the Scenes',1),(478,'JAWS HARRY','A Thrilling Display of a Database Administrator And a Monkey who must Overcome a Dog in An Abandoned Fun House',2006,5,4,2.99,112,10.99,'G','Deleted Scenes',1),(480,'JEEPERS WEDDING','A Astounding Display of a Composer And a Dog who must Kill a Pastry Chef in Soviet Georgia',2006,4,3,2.99,84,29.99,'R','Trailers,Commentaries,Deleted Scenes',1),(481,'JEKYLL FROGMEN','A Fanciful Epistle of a Student And a Astronaut who must Kill a Waitress in A Shark Tank',2006,13,4,2.99,58,22.99,'PG','Commentaries,Deleted Scenes,Behind the Scenes',1),(482,'JEOPARDY ENCINO','A Boring Panorama of a Man And a Mad Cow who must Face a Explorer in Ancient India',2006,4,3,0.99,102,12.99,'R','Trailers,Commentaries',1),(483,'JERICHO MULAN','A Amazing Yarn of a Hunter And a Butler who must Defeat a Boy in A Jet Boat',2006,10,3,2.99,171,29.99,'NC-17','Commentaries',1),(484,'JERK PAYCHECK','A Touching Character Study of a Pastry Chef And a Database Administrator who must Reach a A Shark in Ancient Japan',2006,4,3,2.99,172,13.99,'NC-17','Trailers,Commentaries,Deleted Scenes,Behind the Scenes',1),(485,'JERSEY SASSY','A Lacklusture Documentary of a Madman And a Mad Cow who must Find a Feminist in Ancient Japan',2006,3,6,4.99,60,16.99,'PG','Deleted Scenes,Behind the Scenes',1),(488,'JOON NORTHWEST','A Thrilling Panorama of a Technical Writer And a Car who must Discover a Forensic Psychologist in A Shark Tank',2006,15,3,0.99,105,23.99,'NC-17','Trailers,Commentaries,Behind the Scenes',1),(489,'JUGGLER HARDLY','A Epic Story of a Mad Cow And a Astronaut who must Challenge a Car in California',2006,2,4,0.99,54,14.99,'PG-13','Trailers,Commentaries',1),(490,'JUMANJI BLADE','A Intrepid Yarn of a Husband And a Womanizer who must Pursue a Mad Scientist in New Orleans',2006,13,4,2.99,121,13.99,'G','Commentaries,Behind the Scenes',1),(491,'JUMPING WRATH','A Touching Epistle of a Monkey And a Feminist who must Discover a Boat in Berlin',2006,3,4,0.99,74,18.99,'NC-17','Commentaries,Behind the Scenes',1),(492,'JUNGLE CLOSER','A Boring Character Study of a Boy And a Woman who must Battle a Astronaut in Australia',2006,13,6,0.99,134,11.99,'NC-17','Trailers,Commentaries,Deleted Scenes',1),(493,'KANE EXORCIST','A Epic Documentary of a Composer And a Robot who must Overcome a Car in Berlin',2006,9,5,0.99,92,18.99,'R','Trailers,Commentaries',1),(495,'KENTUCKIAN GIANT','A Stunning Yarn of a Woman And a Frisbee who must Escape a Waitress in A U-Boat',2006,11,5,2.99,169,10.99,'PG','Trailers,Commentaries,Deleted Scenes,Behind the Scenes',1),(497,'KILL BROTHERHOOD','A Touching Display of a Hunter And a Secret Agent who must Redeem a Husband in The Outback',2006,6,4,0.99,54,15.99,'G','Trailers,Commentaries',1),(499,'KING EVOLUTION','A Action-Packed Tale of a Boy And a Lumberjack who must Chase a Madman in A Baloon',2006,8,3,4.99,184,24.99,'NC-17','Trailers,Deleted Scenes,Behind the Scenes',1),(500,'KISS GLORY','A Lacklusture Reflection of a Girl And a Husband who must Find a Robot in The Canadian Rockies',2006,9,5,4.99,163,11.99,'PG-13','Trailers,Commentaries,Behind the Scenes',1),(501,'KISSING DOLLS','A Insightful Reflection of a Pioneer And a Teacher who must Build a Composer in The First Manned Space Station',2006,1,3,4.99,141,9.99,'R','Trailers',1),(502,'KNOCK WARLOCK','A Unbelieveable Story of a Teacher And a Boat who must Confront a Moose in A Baloon',2006,5,4,2.99,71,21.99,'PG-13','Trailers',1),(503,'KRAMER CHOCOLATE','A Amazing Yarn of a Robot And a Pastry Chef who must Redeem a Mad Scientist in The Outback',2006,15,3,2.99,171,24.99,'R','Trailers',1),(506,'LADY STAGE','A Beautiful Character Study of a Woman And a Man who must Pursue a Explorer in A U-Boat',2006,11,4,4.99,67,14.99,'PG','Trailers,Deleted Scenes,Behind the Scenes',1),(507,'LADYBUGS ARMAGEDDON','A Fateful Reflection of a Dog And a Mad Scientist who must Meet a Mad Scientist in New Orleans',2006,10,4,0.99,113,13.99,'NC-17','Deleted Scenes',1),(508,'LAMBS CINCINATTI','A Insightful Story of a Man And a Feminist who must Fight a Composer in Australia',2006,10,6,4.99,144,18.99,'PG-13','Trailers,Behind the Scenes',1),(509,'LANGUAGE COWBOY','A Epic Yarn of a Cat And a Madman who must Vanquish a Dentist in An Abandoned Amusement Park',2006,3,5,0.99,78,26.99,'NC-17','Trailers,Deleted Scenes',1),(510,'LAWLESS VISION','A Insightful Yarn of a Boy And a Sumo Wrestler who must Outgun a Car in The Outback',2006,2,6,4.99,181,29.99,'G','Deleted Scenes,Behind the Scenes',1),(513,'LEATHERNECKS DWARFS','A Fateful Reflection of a Dog And a Mad Cow who must Outrace a Teacher in An Abandoned Mine Shaft',2006,16,6,2.99,153,21.99,'PG-13','Trailers,Commentaries,Behind the Scenes',1),(514,'LEBOWSKI SOLDIERS','A Beautiful Epistle of a Secret Agent And a Pioneer who must Chase a Astronaut in Ancient China',2006,7,6,2.99,69,17.99,'PG-13','Commentaries,Deleted Scenes',1),(515,'LEGALLY SECRETARY','A Astounding Tale of a A Shark And a Moose who must Meet a Womanizer in The Sahara Desert',2006,3,7,4.99,113,14.99,'PG','Trailers,Commentaries,Behind the Scenes',1),(516,'LEGEND JEDI','A Awe-Inspiring Epistle of a Pioneer And a Student who must Outgun a Crocodile in The Outback',2006,12,7,0.99,59,18.99,'PG','Commentaries,Deleted Scenes',1),(517,'LESSON CLEOPATRA','A Emotional Display of a Man And a Explorer who must Build a Boy in A Manhattan Penthouse',2006,15,3,0.99,167,28.99,'NC-17','Deleted Scenes,Behind the Scenes',1),(518,'LIAISONS SWEET','A Boring Drama of a A Shark And a Explorer who must Redeem a Waitress in The Canadian Rockies',2006,16,5,4.99,140,15.99,'PG','Commentaries,Behind the Scenes',1),(519,'LIBERTY MAGNIFICENT','A Boring Drama of a Student And a Cat who must Sink a Technical Writer in A Baloon',2006,15,3,2.99,138,27.99,'G','Commentaries,Deleted Scenes,Behind the Scenes',1),(521,'LIES TREATMENT','A Fast-Paced Character Study of a Dentist And a Moose who must Defeat a Composer in The First Manned Space Station',2006,7,7,4.99,147,28.99,'NC-17','Commentaries,Deleted Scenes,Behind the Scenes',1),(522,'LIFE TWISTED','A Thrilling Reflection of a Teacher And a Composer who must Find a Man in The First Manned Space Station',2006,5,4,2.99,137,9.99,'NC-17','Commentaries,Deleted Scenes',1),(523,'LIGHTS DEER','A Unbelieveable Epistle of a Dog And a Woman who must Confront a Moose in The Gulf of Mexico',2006,4,7,0.99,174,21.99,'R','Commentaries',1),(524,'LION UNCUT','A Intrepid Display of a Pastry Chef And a Cat who must Kill a A Shark in Ancient China',2006,5,6,0.99,50,13.99,'PG','Trailers,Deleted Scenes',1),(525,'LOATHING LEGALLY','A Boring Epistle of a Pioneer And a Mad Scientist who must Escape a Frisbee in The Gulf of Mexico',2006,4,4,0.99,140,29.99,'R','Deleted Scenes',1),(527,'LOLA AGENT','A Astounding Tale of a Mad Scientist And a Husband who must Redeem a Database Administrator in Ancient Japan',2006,11,4,4.99,85,24.99,'PG','Trailers,Commentaries',1),(528,'LOLITA WORLD','A Thrilling Drama of a Girl And a Robot who must Redeem a Waitress in An Abandoned Mine Shaft',2006,8,4,2.99,155,25.99,'NC-17','Trailers,Deleted Scenes',1),(529,'LONELY ELEPHANT','A Intrepid Story of a Student And a Dog who must Challenge a Explorer in Soviet Georgia',2006,5,3,2.99,67,12.99,'G','Trailers,Commentaries,Deleted Scenes,Behind the Scenes',1),(530,'LORD ARIZONA','A Action-Packed Display of a Frisbee And a Pastry Chef who must Pursue a Crocodile in A Jet Boat',2006,1,5,2.99,108,27.99,'PG-13','Trailers',1),(531,'LOSE INCH','A Stunning Reflection of a Student And a Technical Writer who must Battle a Butler in The First Manned Space Station',2006,9,3,0.99,137,18.99,'R','Trailers,Commentaries',1),(532,'LOSER HUSTLER','A Stunning Drama of a Robot And a Feminist who must Outgun a Butler in Nigeria',2006,15,5,4.99,80,28.99,'PG','Deleted Scenes,Behind the Scenes',1),(535,'LOVE SUICIDES','A Brilliant Panorama of a Hunter And a Explorer who must Pursue a Dentist in An Abandoned Fun House',2006,11,6,0.99,181,21.99,'R','Trailers,Behind the Scenes',1),(536,'LOVELY JINGLE','A Fanciful Yarn of a Crocodile And a Forensic Psychologist who must Discover a Crocodile in The Outback',2006,4,3,2.99,65,18.99,'PG','Trailers,Behind the Scenes',1),(537,'LOVER TRUMAN','A Emotional Yarn of a Robot And a Boy who must Outgun a Technical Writer in A U-Boat',2006,4,3,2.99,75,29.99,'G','Trailers',1),(538,'LOVERBOY ATTACKS','A Boring Story of a Car And a Butler who must Build a Girl in Soviet Georgia',2006,13,7,0.99,162,19.99,'PG-13','Trailers,Behind the Scenes',1),(539,'LUCK OPUS','A Boring Display of a Moose And a Squirrel who must Outrace a Teacher in A Shark Tank',2006,7,7,2.99,152,21.99,'NC-17','Trailers,Commentaries,Behind the Scenes',1),(540,'LUCKY FLYING','A Lacklusture Character Study of a A Shark And a Man who must Find a Forensic Psychologist in A U-Boat',2006,12,7,2.99,97,10.99,'PG-13','Trailers,Commentaries,Behind the Scenes',1),(541,'LUKE MUMMY','A Taut Character Study of a Boy And a Robot who must Redeem a Mad Scientist in Ancient India',2006,2,5,2.99,74,21.99,'NC-17','Trailers,Behind the Scenes',1),(544,'MADISON TRAP','A Awe-Inspiring Reflection of a Monkey And a Dentist who must Overcome a Pioneer in A U-Boat',2006,6,4,2.99,147,11.99,'R','Commentaries,Deleted Scenes,Behind the Scenes',1),(547,'MAGIC MALLRATS','A Touching Documentary of a Pastry Chef And a Pastry Chef who must Build a Mad Scientist in California',2006,3,3,0.99,117,19.99,'PG','Trailers,Commentaries',1),(548,'MAGNIFICENT CHITTY','A Insightful Story of a Teacher And a Hunter who must Face a Mad Cow in California',2006,4,3,2.99,53,27.99,'R','Commentaries,Deleted Scenes',1),(549,'MAGNOLIA FORRESTER','A Thoughtful Documentary of a Composer And a Explorer who must Conquer a Dentist in New Orleans',2006,1,4,0.99,171,28.99,'PG-13','Trailers,Commentaries,Deleted Scenes',1),(550,'MAGUIRE APACHE','A Fast-Paced Reflection of a Waitress And a Hunter who must Defeat a Forensic Psychologist in A Baloon',2006,8,6,2.99,74,22.99,'NC-17','Trailers,Commentaries',1),(551,'MAIDEN HOME','A Lacklusture Saga of a Moose And a Teacher who must Kill a Forensic Psychologist in A MySQL Convention',2006,13,3,4.99,138,9.99,'PG','Behind the Scenes',1),(552,'MAJESTIC FLOATS','A Thrilling Character Study of a Moose And a Student who must Escape a Butler in The First Manned Space Station',2006,6,5,0.99,130,15.99,'PG','Trailers',1),(553,'MAKER GABLES','A Stunning Display of a Moose And a Database Administrator who must Pursue a Composer in A Jet Boat',2006,3,4,0.99,136,12.99,'PG-13','Deleted Scenes,Behind the Scenes',1),(554,'MALKOVICH PET','A Intrepid Reflection of a Waitress And a A Shark who must Kill a Squirrel in The Outback',2006,4,6,2.99,159,22.99,'G','Behind the Scenes',1),(555,'MALLRATS UNITED','A Thrilling Yarn of a Waitress And a Dentist who must Find a Hunter in A Monastery',2006,5,4,0.99,133,25.99,'PG','Trailers,Commentaries,Deleted Scenes',1),(561,'MASK PEACH','A Boring Character Study of a Student And a Robot who must Meet a Woman in California',2006,13,6,2.99,123,26.99,'NC-17','Commentaries,Deleted Scenes',1),(564,'MASSAGE IMAGE','A Fateful Drama of a Frisbee And a Crocodile who must Vanquish a Dog in The First Manned Space Station',2006,2,4,2.99,161,11.99,'PG','Commentaries,Behind the Scenes',1),(565,'MATRIX SNOWMAN','A Action-Packed Saga of a Womanizer And a Woman who must Overcome a Student in California',2006,9,6,4.99,56,9.99,'PG-13','Commentaries,Deleted Scenes,Behind the Scenes',1),(567,'MEET CHOCOLATE','A Boring Documentary of a Dentist And a Butler who must Confront a Monkey in A MySQL Convention',2006,9,3,2.99,80,26.99,'G','Trailers',1),(569,'MENAGERIE RUSHMORE','A Unbelieveable Panorama of a Composer And a Butler who must Overcome a Database Administrator in The First Manned Space Station',2006,2,7,2.99,147,18.99,'G','Trailers,Commentaries,Deleted Scenes',1),(571,'METAL ARMAGEDDON','A Thrilling Display of a Lumberjack And a Crocodile who must Meet a Monkey in A Baloon Factory',2006,6,6,2.99,161,26.99,'PG-13','Trailers,Commentaries,Deleted Scenes',1),(572,'METROPOLIS COMA','A Emotional Saga of a Database Administrator And a Pastry Chef who must Confront a Teacher in A Baloon Factory',2006,14,4,2.99,64,9.99,'PG-13','Trailers,Commentaries,Behind the Scenes',1),(573,'MICROCOSMOS PARADISE','A Touching Character Study of a Boat And a Student who must Sink a A Shark in Nigeria',2006,3,6,2.99,105,22.99,'PG-13','Commentaries',1),(574,'MIDNIGHT WESTWARD','A Taut Reflection of a Husband And a A Shark who must Redeem a Pastry Chef in A Monastery',2006,1,3,0.99,86,19.99,'G','Trailers,Deleted Scenes',1),(582,'MIRACLE VIRTUAL','A Touching Epistle of a Butler And a Boy who must Find a Mad Scientist in The Sahara Desert',2006,2,3,2.99,162,19.99,'PG-13','Trailers,Deleted Scenes',1),(583,'MISSION ZOOLANDER','A Intrepid Story of a Sumo Wrestler And a Teacher who must Meet a A Shark in An Abandoned Fun House',2006,2,3,4.99,164,26.99,'PG-13','Behind the Scenes',1),(585,'MOB DUFFEL','A Unbelieveable Documentary of a Frisbee And a Boat who must Meet a Boy in The Canadian Rockies',2006,7,4,0.99,105,25.99,'G','Trailers',1),(586,'MOCKINGBIRD HOLLYWOOD','A Thoughtful Panorama of a Man And a Car who must Sink a Composer in Berlin',2006,1,4,0.99,60,27.99,'PG','Behind the Scenes',1),(587,'MOD SECRETARY','A Boring Documentary of a Mad Cow And a Cat who must Build a Lumberjack in New Orleans',2006,6,6,4.99,77,20.99,'NC-17','Commentaries,Behind the Scenes',1),(588,'MODEL FISH','A Beautiful Panorama of a Boat And a Crocodile who must Outrace a Dog in Australia',2006,3,4,4.99,175,11.99,'NC-17','Trailers,Commentaries,Behind the Scenes',1),(589,'MODERN DORADO','A Awe-Inspiring Story of a Butler And a Sumo Wrestler who must Redeem a Boy in New Orleans',2006,6,3,0.99,74,20.99,'PG','Trailers,Commentaries,Deleted Scenes',1),(590,'MONEY HAROLD','A Touching Tale of a Explorer And a Boat who must Defeat a Robot in Australia',2006,13,3,2.99,135,17.99,'PG','Trailers,Commentaries',1),(593,'MONTEREY LABYRINTH','A Awe-Inspiring Drama of a Monkey And a Composer who must Escape a Feminist in A U-Boat',2006,11,6,0.99,158,13.99,'G','Trailers,Commentaries',1),(594,'MONTEZUMA COMMAND','A Thrilling Reflection of a Waitress And a Butler who must Battle a Butler in A Jet Boat',2006,1,6,0.99,126,22.99,'NC-17','Trailers',1),(597,'MOONWALKER FOOL','A Epic Drama of a Feminist And a Pioneer who must Sink a Composer in New Orleans',2006,10,5,4.99,184,12.99,'G','Trailers,Deleted Scenes',1),(600,'MOTIONS DETAILS','A Awe-Inspiring Reflection of a Dog And a Student who must Kill a Car in An Abandoned Fun House',2006,11,5,0.99,166,16.99,'PG','Trailers,Commentaries,Behind the Scenes',1),(603,'MOVIE SHAKESPEARE','A Insightful Display of a Database Administrator And a Student who must Build a Hunter in Berlin',2006,8,6,4.99,53,27.99,'PG','Commentaries,Deleted Scenes,Behind the Scenes',1),(605,'MULHOLLAND BEAST','A Awe-Inspiring Display of a Husband And a Squirrel who must Battle a Sumo Wrestler in A Jet Boat',2006,9,7,2.99,157,13.99,'PG','Trailers,Deleted Scenes,Behind the Scenes',1),(606,'MUMMY CREATURES','A Fateful Character Study of a Crocodile And a Monkey who must Meet a Dentist in Australia',2006,15,3,0.99,160,15.99,'NC-17','Trailers,Behind the Scenes',1),(612,'MUSSOLINI SPOILERS','A Thrilling Display of a Boat And a Monkey who must Meet a Composer in Ancient China',2006,15,6,2.99,180,10.99,'G','Deleted Scenes,Behind the Scenes',1),(615,'NASH CHOCOLAT','A Epic Reflection of a Monkey And a Mad Cow who must Kill a Forensic Psychologist in An Abandoned Mine Shaft',2006,2,6,2.99,180,21.99,'PG-13','Commentaries,Behind the Scenes',1),(616,'NATIONAL STORY','A Taut Epistle of a Mad Scientist And a Girl who must Escape a Monkey in California',2006,6,4,2.99,92,19.99,'NC-17','Trailers',1),(618,'NECKLACE OUTBREAK','A Astounding Epistle of a Database Administrator And a Mad Scientist who must Pursue a Cat in California',2006,7,3,0.99,132,21.99,'PG','Trailers,Commentaries,Behind the Scenes',1),(619,'NEIGHBORS CHARADE','A Fanciful Reflection of a Crocodile And a Astronaut who must Outrace a Feminist in An Abandoned Amusement Park',2006,15,3,0.99,161,20.99,'R','Trailers,Commentaries,Deleted Scenes',1),(625,'NONE SPIKING','A Boring Reflection of a Secret Agent And a Astronaut who must Face a Composer in A Manhattan Penthouse',2006,14,3,0.99,83,18.99,'NC-17','Trailers,Commentaries',1),(626,'NOON PAPI','A Unbelieveable Character Study of a Mad Scientist And a Astronaut who must Find a Pioneer in A Manhattan Penthouse',2006,3,5,2.99,57,12.99,'G','Behind the Scenes',1),(631,'NOVOCAINE FLIGHT','A Fanciful Display of a Student And a Teacher who must Outgun a Crocodile in Nigeria',2006,15,4,0.99,64,11.99,'G','Trailers,Commentaries,Deleted Scenes',1),(633,'OCTOBER SUBMARINE','A Taut Epistle of a Monkey And a Boy who must Confront a Husband in A Jet Boat',2006,4,6,4.99,54,10.99,'PG-13','Trailers,Commentaries,Behind the Scenes',1),(634,'ODDS BOOGIE','A Thrilling Yarn of a Feminist And a Madman who must Battle a Hunter in Berlin',2006,8,6,0.99,48,14.99,'NC-17','Trailers,Commentaries,Behind the Scenes',1),(635,'OKLAHOMA JUMANJI','A Thoughtful Drama of a Dentist And a Womanizer who must Meet a Husband in The Sahara Desert',2006,13,7,0.99,58,15.99,'PG','Behind the Scenes',1),(636,'OLEANDER CLUE','A Boring Story of a Teacher And a Monkey who must Succumb a Forensic Psychologist in A Jet Boat',2006,12,5,0.99,161,12.99,'PG','Commentaries,Deleted Scenes',1),(637,'OPEN AFRICAN','A Lacklusture Drama of a Secret Agent And a Explorer who must Discover a Car in A U-Boat',2006,14,7,4.99,131,16.99,'PG','Trailers,Commentaries',1),(643,'ORIENT CLOSER','A Astounding Epistle of a Technical Writer And a Teacher who must Fight a Squirrel in The Sahara Desert',2006,7,3,2.99,118,22.99,'R','Commentaries,Deleted Scenes',1),(644,'OSCAR GOLD','A Insightful Tale of a Database Administrator And a Dog who must Face a Madman in Soviet Georgia',2006,2,7,2.99,115,29.99,'PG','Behind the Scenes',1),(646,'OUTBREAK DIVINE','A Unbelieveable Yarn of a Database Administrator And a Woman who must Succumb a A Shark in A U-Boat',2006,10,6,0.99,169,12.99,'NC-17','Trailers,Deleted Scenes,Behind the Scenes',1),(648,'OUTLAW HANKY','A Thoughtful Story of a Astronaut And a Composer who must Conquer a Dog in The Sahara Desert',2006,16,7,4.99,148,17.99,'PG-13','Trailers,Commentaries',1),(649,'OZ LIAISONS','A Epic Yarn of a Mad Scientist And a Cat who must Confront a Womanizer in A Baloon Factory',2006,2,4,2.99,85,14.99,'R','Commentaries,Deleted Scenes,Behind the Scenes',1),(650,'PACIFIC AMISTAD','A Thrilling Yarn of a Dog And a Moose who must Kill a Pastry Chef in A Manhattan Penthouse',2006,6,3,0.99,144,27.99,'G','Trailers,Commentaries,Deleted Scenes,Behind the Scenes',1),(651,'PACKER MADIGAN','A Epic Display of a Sumo Wrestler And a Forensic Psychologist who must Build a Woman in An Abandoned Amusement Park',2006,2,3,0.99,84,20.99,'PG-13','Trailers',1),(652,'PAJAMA JAWBREAKER','A Emotional Drama of a Boy And a Technical Writer who must Redeem a Sumo Wrestler in California',2006,4,3,0.99,126,14.99,'R','Trailers,Deleted Scenes',1),(653,'PANIC CLUB','A Fanciful Display of a Teacher And a Crocodile who must Succumb a Girl in A Baloon',2006,11,3,4.99,102,15.99,'G','Commentaries,Deleted Scenes',1),(662,'PATHS CONTROL','A Astounding Documentary of a Butler And a Cat who must Find a Frisbee in Ancient China',2006,7,3,4.99,118,9.99,'PG','Trailers,Behind the Scenes',1),(663,'PATIENT SISTER','A Emotional Epistle of a Squirrel And a Robot who must Confront a Lumberjack in Soviet Georgia',2006,4,7,0.99,99,29.99,'NC-17','Trailers,Commentaries',1),(665,'PATTON INTERVIEW','A Thrilling Documentary of a Composer And a Secret Agent who must Succumb a Cat in Berlin',2006,11,4,2.99,175,22.99,'PG','Commentaries',1),(667,'PEACH INNOCENT','A Action-Packed Drama of a Monkey And a Dentist who must Chase a Butler in Berlin',2006,15,3,2.99,160,20.99,'PG-13','Commentaries,Behind the Scenes',1),(668,'PEAK FOREVER','A Insightful Reflection of a Boat And a Secret Agent who must Vanquish a Astronaut in An Abandoned Mine Shaft',2006,15,7,4.99,80,25.99,'PG','Trailers,Commentaries,Deleted Scenes,Behind the Scenes',1),(669,'PEARL DESTINY','A Lacklusture Yarn of a Astronaut And a Pastry Chef who must Sink a Dog in A U-Boat',2006,9,3,2.99,74,10.99,'NC-17','Trailers',1),(670,'PELICAN COMFORTS','A Epic Documentary of a Boy And a Monkey who must Pursue a Astronaut in Berlin',2006,6,4,4.99,48,17.99,'PG','Commentaries,Deleted Scenes',1),(671,'PERDITION FARGO','A Fast-Paced Story of a Car And a Cat who must Outgun a Hunter in Berlin',2006,15,7,4.99,99,27.99,'NC-17','Trailers,Behind the Scenes',1),(672,'PERFECT GROOVE','A Thrilling Yarn of a Dog And a Dog who must Build a Husband in A Baloon',2006,5,7,2.99,82,17.99,'PG-13','Commentaries,Deleted Scenes,Behind the Scenes',1),(673,'PERSONAL LADYBUGS','A Epic Saga of a Hunter And a Technical Writer who must Conquer a Cat in Ancient Japan',2006,12,3,0.99,118,19.99,'PG-13','Deleted Scenes,Behind the Scenes',1),(679,'PILOT HOOSIERS','A Awe-Inspiring Reflection of a Crocodile And a Sumo Wrestler who must Meet a Forensic Psychologist in An Abandoned Mine Shaft',2006,8,6,2.99,50,17.99,'PG','Trailers,Deleted Scenes',1),(680,'PINOCCHIO SIMON','A Action-Packed Reflection of a Mad Scientist And a A Shark who must Find a Feminist in California',2006,5,4,4.99,103,21.99,'PG','Commentaries,Behind the Scenes',1),(682,'PITTSBURGH HUNCHBACK','A Thrilling Epistle of a Boy And a Boat who must Find a Student in Soviet Georgia',2006,8,4,4.99,134,17.99,'PG-13','Trailers,Deleted Scenes,Behind the Scenes',1),(685,'PLATOON INSTINCT','A Thrilling Panorama of a Man And a Woman who must Reach a Woman in Australia',2006,13,6,4.99,132,10.99,'PG-13','Trailers,Commentaries',1),(686,'PLUTO OLEANDER','A Action-Packed Reflection of a Car And a Moose who must Outgun a Car in A Shark Tank',2006,13,5,4.99,84,9.99,'R','Behind the Scenes',1),(687,'POCUS PULP','A Intrepid Yarn of a Frisbee And a Dog who must Build a Astronaut in A Baloon Factory',2006,6,6,0.99,138,15.99,'NC-17','Commentaries,Deleted Scenes,Behind the Scenes',1),(688,'POLISH BROOKLYN','A Boring Character Study of a Database Administrator And a Lumberjack who must Reach a Madman in The Outback',2006,3,6,0.99,61,12.99,'PG','Trailers,Commentaries,Deleted Scenes,Behind the Scenes',1),(691,'POSEIDON FOREVER','A Thoughtful Epistle of a Womanizer And a Monkey who must Vanquish a Dentist in A Monastery',2006,15,6,4.99,159,29.99,'PG-13','Commentaries',1),(692,'POTLUCK MIXED','A Beautiful Story of a Dog And a Technical Writer who must Outgun a Student in A Baloon',2006,2,3,2.99,179,10.99,'G','Behind the Scenes',1),(694,'PREJUDICE OLEANDER','A Epic Saga of a Boy And a Dentist who must Outrace a Madman in A U-Boat',2006,4,6,4.99,98,15.99,'PG-13','Trailers,Commentaries,Deleted Scenes',1),(695,'PRESIDENT BANG','A Fateful Panorama of a Technical Writer And a Moose who must Battle a Robot in Soviet Georgia',2006,8,6,4.99,144,12.99,'PG','Behind the Scenes',1),(697,'PRIMARY GLASS','A Fateful Documentary of a Pastry Chef And a Butler who must Build a Dog in The Canadian Rockies',2006,1,7,0.99,53,16.99,'G','Trailers,Deleted Scenes,Behind the Scenes',1),(700,'PRIX UNDEFEATED','A Stunning Saga of a Mad Scientist And a Boat who must Overcome a Dentist in Ancient China',2006,8,4,2.99,115,13.99,'R','Trailers,Deleted Scenes',1),(702,'PULP BEVERLY','A Unbelieveable Display of a Dog And a Crocodile who must Outrace a Man in Nigeria',2006,11,4,2.99,89,12.99,'G','Trailers,Behind the Scenes',1),(703,'PUNK DIVORCE','A Fast-Paced Tale of a Pastry Chef And a Boat who must Face a Frisbee in The Canadian Rockies',2006,2,6,4.99,100,18.99,'PG','Trailers,Commentaries,Deleted Scenes',1),(704,'PURE RUNNER','A Thoughtful Documentary of a Student And a Madman who must Challenge a Squirrel in A Manhattan Penthouse',2006,5,3,2.99,121,25.99,'NC-17','Trailers,Deleted Scenes',1),(705,'PURPLE MOVIE','A Boring Display of a Pastry Chef And a Sumo Wrestler who must Discover a Frisbee in An Abandoned Amusement Park',2006,9,4,2.99,88,9.99,'R','Commentaries,Deleted Scenes',1),(707,'QUEST MUSSOLINI','A Fateful Drama of a Husband And a Sumo Wrestler who must Battle a Pastry Chef in A Baloon Factory',2006,1,5,2.99,177,29.99,'R','Behind the Scenes',1),(709,'RACER EGG','A Emotional Display of a Monkey And a Waitress who must Reach a Secret Agent in California',2006,7,7,2.99,147,19.99,'NC-17','Trailers,Commentaries,Deleted Scenes',1),(711,'RAGING AIRPLANE','A Astounding Display of a Secret Agent And a Technical Writer who must Escape a Mad Scientist in A Jet Boat',2006,14,4,4.99,154,18.99,'R','Commentaries,Deleted Scenes',1),(712,'RAIDERS ANTITRUST','A Amazing Drama of a Teacher And a Feminist who must Meet a Woman in The First Manned Space Station',2006,6,4,0.99,82,11.99,'PG-13','Deleted Scenes',1),(714,'RANDOM GO','A Fateful Drama of a Frisbee And a Student who must Confront a Cat in A Shark Tank',2006,14,6,2.99,73,29.99,'NC-17','Trailers',1),(715,'RANGE MOONWALKER','A Insightful Documentary of a Hunter And a Dentist who must Confront a Crocodile in A Baloon',2006,8,3,4.99,147,25.99,'PG','Trailers,Commentaries,Deleted Scenes',1),(716,'REAP UNFAITHFUL','A Thrilling Epistle of a Composer And a Sumo Wrestler who must Challenge a Mad Cow in A MySQL Convention',2006,11,6,2.99,136,26.99,'PG-13','Trailers,Commentaries',1),(717,'REAR TRADING','A Awe-Inspiring Reflection of a Forensic Psychologist And a Secret Agent who must Succumb a Pastry Chef in Soviet Georgia',2006,1,6,0.99,97,23.99,'NC-17','Trailers,Commentaries,Deleted Scenes',1),(718,'REBEL AIRPORT','A Intrepid Yarn of a Database Administrator And a Boat who must Outrace a Husband in Ancient India',2006,12,7,0.99,73,24.99,'G','Trailers,Behind the Scenes',1),(720,'REDEMPTION COMFORTS','A Emotional Documentary of a Dentist And a Woman who must Battle a Mad Scientist in Ancient China',2006,13,3,2.99,179,20.99,'NC-17','Trailers,Deleted Scenes,Behind the Scenes',1),(721,'REDS POCUS','A Lacklusture Yarn of a Sumo Wrestler And a Squirrel who must Redeem a Monkey in Soviet Georgia',2006,12,7,4.99,182,23.99,'PG-13','Trailers,Behind the Scenes',1),(722,'REEF SALUTE','A Action-Packed Saga of a Teacher And a Lumberjack who must Battle a Dentist in A Baloon',2006,11,5,0.99,123,26.99,'NC-17','Behind the Scenes',1),(723,'REIGN GENTLEMEN','A Emotional Yarn of a Composer And a Man who must Escape a Butler in The Gulf of Mexico',2006,14,3,2.99,82,29.99,'PG-13','Deleted Scenes,Behind the Scenes',1),(728,'REUNION WITCHES','A Unbelieveable Documentary of a Database Administrator And a Frisbee who must Redeem a Mad Scientist in A Baloon Factory',2006,7,3,0.99,63,26.99,'R','Commentaries',1),(729,'RIDER CADDYSHACK','A Taut Reflection of a Monkey And a Womanizer who must Chase a Moose in Nigeria',2006,15,5,2.99,177,28.99,'PG','Commentaries,Behind the Scenes',1),(730,'RIDGEMONT SUBMARINE','A Unbelieveable Drama of a Waitress And a Composer who must Sink a Mad Cow in Ancient Japan',2006,13,3,0.99,46,28.99,'PG-13','Commentaries,Deleted Scenes,Behind the Scenes',1),(731,'RIGHT CRANES','A Fateful Character Study of a Boat And a Cat who must Find a Database Administrator in A Jet Boat',2006,4,7,4.99,153,29.99,'PG-13','Trailers,Commentaries,Deleted Scenes',1),(732,'RINGS HEARTBREAKERS','A Amazing Yarn of a Sumo Wrestler And a Boat who must Conquer a Waitress in New Orleans',2006,1,5,0.99,58,17.99,'G','Trailers,Commentaries,Behind the Scenes',1),(733,'RIVER OUTLAW','A Thrilling Character Study of a Squirrel And a Lumberjack who must Face a Hunter in A MySQL Convention',2006,15,4,0.99,149,29.99,'PG-13','Commentaries',1),(734,'ROAD ROXANNE','A Boring Character Study of a Waitress And a Astronaut who must Fight a Crocodile in Ancient Japan',2006,6,4,4.99,158,12.99,'R','Behind the Scenes',1),(735,'ROBBERS JOON','A Thoughtful Story of a Mad Scientist And a Waitress who must Confront a Forensic Psychologist in Soviet Georgia',2006,3,7,2.99,102,26.99,'PG-13','Commentaries',1),(737,'ROCK INSTINCT','A Astounding Character Study of a Robot And a Moose who must Overcome a Astronaut in Ancient India',2006,11,4,0.99,102,28.99,'G','Trailers,Commentaries,Deleted Scenes,Behind the Scenes',1),(738,'ROCKETEER MOTHER','A Awe-Inspiring Character Study of a Robot And a Sumo Wrestler who must Discover a Womanizer in A Shark Tank',2006,9,3,0.99,178,27.99,'PG-13','Deleted Scenes,Behind the Scenes',1),(739,'ROCKY WAR','A Fast-Paced Display of a Squirrel And a Explorer who must Outgun a Mad Scientist in Nigeria',2006,7,4,4.99,145,17.99,'PG-13','Trailers,Commentaries,Behind the Scenes',1),(742,'ROOF CHAMPION','A Lacklusture Reflection of a Car And a Explorer who must Find a Monkey in A Baloon',2006,10,7,0.99,101,25.99,'R','Deleted Scenes,Behind the Scenes',1),(743,'ROOM ROMAN','A Awe-Inspiring Panorama of a Composer And a Secret Agent who must Sink a Composer in A Shark Tank',2006,2,7,0.99,60,27.99,'PG','Trailers,Deleted Scenes,Behind the Scenes',1),(745,'ROSES TREASURE','A Astounding Panorama of a Monkey And a Secret Agent who must Defeat a Woman in The First Manned Space Station',2006,15,5,4.99,162,23.99,'PG-13','Commentaries,Deleted Scenes,Behind the Scenes',1),(748,'RUGRATS SHAKESPEARE','A Touching Saga of a Crocodile And a Crocodile who must Discover a Technical Writer in Nigeria',2006,1,4,0.99,109,16.99,'PG-13','Trailers,Commentaries,Deleted Scenes,Behind the Scenes',1),(749,'RULES HUMAN','A Beautiful Epistle of a Astronaut And a Student who must Confront a Monkey in An Abandoned Fun House',2006,11,6,4.99,153,19.99,'R','Deleted Scenes,Behind the Scenes',1),(750,'RUN PACIFIC','A Touching Tale of a Cat And a Pastry Chef who must Conquer a Pastry Chef in A MySQL Convention',2006,13,3,0.99,145,25.99,'R','Commentaries,Deleted Scenes,Behind the Scenes',1),(752,'RUNNER MADIGAN','A Thoughtful Documentary of a Crocodile And a Robot who must Outrace a Womanizer in The Outback',2006,12,6,0.99,101,27.99,'NC-17','Commentaries,Deleted Scenes,Behind the Scenes',1),(754,'RUSHMORE MERMAID','A Boring Story of a Woman And a Moose who must Reach a Husband in A Shark Tank',2006,5,6,2.99,150,17.99,'PG-13','Trailers,Commentaries,Deleted Scenes',1),(755,'SABRINA MIDNIGHT','A Emotional Story of a Squirrel And a Crocodile who must Succumb a Husband in The Sahara Desert',2006,3,5,4.99,99,11.99,'PG','Trailers,Behind the Scenes',1),(756,'SADDLE ANTITRUST','A Stunning Epistle of a Feminist And a A Shark who must Battle a Woman in An Abandoned Fun House',2006,5,7,2.99,80,10.99,'PG-13','Trailers,Deleted Scenes',1),(757,'SAGEBRUSH CLUELESS','A Insightful Story of a Lumberjack And a Hunter who must Kill a Boy in Ancient Japan',2006,6,4,2.99,106,28.99,'G','Trailers',1),(758,'SAINTS BRIDE','A Fateful Tale of a Technical Writer And a Composer who must Pursue a Explorer in The Gulf of Mexico',2006,7,5,2.99,125,11.99,'G','Deleted Scenes',1),(759,'SALUTE APOLLO','A Awe-Inspiring Character Study of a Boy And a Feminist who must Sink a Crocodile in Ancient China',2006,13,4,2.99,73,29.99,'R','Trailers,Commentaries,Deleted Scenes,Behind the Scenes',1),(764,'SATURDAY LAMBS','A Thoughtful Reflection of a Mad Scientist And a Moose who must Kill a Husband in A Baloon',2006,15,3,4.99,150,28.99,'G','Commentaries,Deleted Scenes',1),(766,'SAVANNAH TOWN','A Awe-Inspiring Tale of a Astronaut And a Database Administrator who must Chase a Secret Agent in The Gulf of Mexico',2006,7,5,0.99,84,25.99,'PG-13','Commentaries,Deleted Scenes,Behind the Scenes',1),(769,'SCHOOL JACKET','A Intrepid Yarn of a Monkey And a Boy who must Fight a Composer in A Manhattan Penthouse',2006,9,5,4.99,151,21.99,'PG-13','Trailers',1),(770,'SCISSORHANDS SLUMS','A Awe-Inspiring Drama of a Girl And a Technical Writer who must Meet a Feminist in The Canadian Rockies',2006,9,5,2.99,147,13.99,'G','Commentaries,Deleted Scenes,Behind the Scenes',1),(771,'SCORPION APOLLO','A Awe-Inspiring Documentary of a Technical Writer And a Husband who must Meet a Monkey in An Abandoned Fun House',2006,7,3,4.99,137,23.99,'NC-17','Commentaries,Deleted Scenes',1),(775,'SEATTLE EXPECATIONS','A Insightful Reflection of a Crocodile And a Sumo Wrestler who must Meet a Technical Writer in The Sahara Desert',2006,7,4,4.99,110,18.99,'PG-13','Trailers',1),(779,'SENSE GREEK','A Taut Saga of a Lumberjack And a Pastry Chef who must Escape a Sumo Wrestler in An Abandoned Fun House',2006,15,4,4.99,54,23.99,'R','Deleted Scenes,Behind the Scenes',1),(781,'SEVEN SWARM','A Unbelieveable Character Study of a Dog And a Mad Cow who must Kill a Monkey in Berlin',2006,10,4,4.99,127,15.99,'R','Deleted Scenes',1),(782,'SHAKESPEARE SADDLE','A Fast-Paced Panorama of a Lumberjack And a Database Administrator who must Defeat a Madman in A MySQL Convention',2006,15,6,2.99,60,26.99,'PG-13','Commentaries,Behind the Scenes',1),(783,'SHANE DARKNESS','A Action-Packed Saga of a Moose And a Lumberjack who must Find a Woman in Berlin',2006,16,5,2.99,93,22.99,'PG','Commentaries,Deleted Scenes',1),(784,'SHANGHAI TYCOON','A Fast-Paced Character Study of a Crocodile And a Lumberjack who must Build a Husband in An Abandoned Fun House',2006,16,7,2.99,47,20.99,'PG','Commentaries,Deleted Scenes,Behind the Scenes',1),(785,'SHAWSHANK BUBBLE','A Lacklusture Story of a Moose And a Monkey who must Confront a Butler in An Abandoned Amusement Park',2006,16,6,4.99,80,20.99,'PG','Commentaries,Deleted Scenes',1),(788,'SHIP WONDERLAND','A Thrilling Saga of a Monkey And a Frisbee who must Escape a Explorer in The Outback',2006,6,5,2.99,104,15.99,'R','Commentaries',1),(790,'SHOOTIST SUPERFLY','A Fast-Paced Story of a Crocodile And a A Shark who must Sink a Pioneer in Berlin',2006,7,6,0.99,67,22.99,'PG-13','Trailers',1),(793,'SHRUNK DIVINE','A Fateful Character Study of a Waitress And a Technical Writer who must Battle a Hunter in A Baloon',2006,1,6,2.99,139,14.99,'R','Trailers,Deleted Scenes,Behind the Scenes',1),(794,'SIDE ARK','A Stunning Panorama of a Crocodile And a Womanizer who must Meet a Feminist in The Canadian Rockies',2006,1,5,0.99,52,28.99,'G','Deleted Scenes,Behind the Scenes',1),(795,'SIEGE MADRE','A Boring Tale of a Frisbee And a Crocodile who must Vanquish a Moose in An Abandoned Mine Shaft',2006,8,7,0.99,111,23.99,'R','Trailers,Deleted Scenes',1),(797,'SILENCE KANE','A Emotional Drama of a Sumo Wrestler And a Dentist who must Confront a Sumo Wrestler in A Baloon',2006,12,7,0.99,67,23.99,'R','Trailers,Deleted Scenes,Behind the Scenes',1),(798,'SILVERADO GOLDFINGER','A Stunning Epistle of a Sumo Wrestler And a Man who must Challenge a Waitress in Ancient India',2006,14,4,4.99,74,11.99,'PG','Trailers,Commentaries',1),(800,'SINNERS ATLANTIS','A Epic Display of a Dog And a Boat who must Succumb a Mad Scientist in An Abandoned Mine Shaft',2006,11,7,2.99,126,19.99,'PG-13','Trailers,Commentaries,Deleted Scenes',1),(802,'SKY MIRACLE','A Epic Drama of a Mad Scientist And a Explorer who must Succumb a Waitress in An Abandoned Fun House',2006,1,7,2.99,132,15.99,'PG','Trailers,Commentaries,Deleted Scenes',1),(804,'SLEEPING SUSPECTS','A Stunning Reflection of a Sumo Wrestler And a Explorer who must Sink a Frisbee in A MySQL Convention',2006,11,7,4.99,129,13.99,'PG-13','Trailers,Commentaries',1),(805,'SLEEPLESS MONSOON','A Amazing Saga of a Moose And a Pastry Chef who must Escape a Butler in Australia',2006,2,5,4.99,64,12.99,'G','Trailers,Deleted Scenes,Behind the Scenes',1),(806,'SLEEPY JAPANESE','A Emotional Epistle of a Moose And a Composer who must Fight a Technical Writer in The Outback',2006,13,4,2.99,137,25.99,'PG','Trailers,Commentaries,Deleted Scenes',1),(808,'SLING LUKE','A Intrepid Character Study of a Robot And a Monkey who must Reach a Secret Agent in An Abandoned Amusement Park',2006,4,5,0.99,84,10.99,'R','Behind the Scenes',1),(811,'SMILE EARRING','A Intrepid Drama of a Teacher And a Butler who must Build a Pastry Chef in Berlin',2006,16,4,2.99,60,29.99,'G','Commentaries,Behind the Scenes',1),(812,'SMOKING BARBARELLA','A Lacklusture Saga of a Mad Cow And a Mad Scientist who must Sink a Cat in A MySQL Convention',2006,6,7,0.99,50,13.99,'PG-13','Behind the Scenes',1),(815,'SNATCHERS MONTEZUMA','A Boring Epistle of a Sumo Wrestler And a Woman who must Escape a Man in The Canadian Rockies',2006,4,4,2.99,74,14.99,'PG-13','Commentaries',1),(816,'SNOWMAN ROLLERCOASTER','A Fateful Display of a Lumberjack And a Girl who must Succumb a Mad Cow in A Manhattan Penthouse',2006,2,3,0.99,62,27.99,'G','Trailers',1),(817,'SOLDIERS EVOLUTION','A Lacklusture Panorama of a A Shark And a Pioneer who must Confront a Student in The First Manned Space Station',2006,14,7,4.99,185,27.99,'R','Trailers,Commentaries,Deleted Scenes,Behind the Scenes',1),(820,'SONS INTERVIEW','A Taut Character Study of a Explorer And a Mad Cow who must Battle a Hunter in Ancient China',2006,2,3,2.99,184,11.99,'NC-17','Commentaries,Behind the Scenes',1),(821,'SORORITY QUEEN','A Fast-Paced Display of a Squirrel And a Composer who must Fight a Forensic Psychologist in A Jet Boat',2006,9,6,0.99,184,17.99,'NC-17','Trailers,Deleted Scenes',1),(826,'SPEED SUIT','A Brilliant Display of a Frisbee And a Mad Scientist who must Succumb a Robot in Ancient China',2006,16,7,4.99,124,19.99,'PG-13','Commentaries,Behind the Scenes',1),(827,'SPICE SORORITY','A Fateful Display of a Pioneer And a Hunter who must Defeat a Husband in An Abandoned Mine Shaft',2006,7,5,4.99,141,22.99,'NC-17','Trailers,Commentaries,Deleted Scenes,Behind the Scenes',1),(829,'SPINAL ROCKY','A Lacklusture Epistle of a Sumo Wrestler And a Squirrel who must Defeat a Explorer in California',2006,8,7,2.99,138,12.99,'PG-13','Commentaries,Deleted Scenes',1),(830,'SPIRIT FLINTSTONES','A Brilliant Yarn of a Cat And a Car who must Confront a Explorer in Ancient Japan',2006,11,7,0.99,149,23.99,'R','Commentaries,Deleted Scenes',1),(832,'SPLASH GUMP','A Taut Saga of a Crocodile And a Boat who must Conquer a Hunter in A Shark Tank',2006,8,5,0.99,175,16.99,'PG','Trailers,Commentaries,Deleted Scenes,Behind the Scenes',1),(833,'SPLENDOR PATTON','A Taut Story of a Dog And a Explorer who must Find a Astronaut in Berlin',2006,3,5,0.99,134,20.99,'R','Trailers,Commentaries,Deleted Scenes,Behind the Scenes',1),(835,'SPY MILE','A Thrilling Documentary of a Feminist And a Feminist who must Confront a Feminist in A Baloon',2006,10,6,2.99,112,13.99,'PG-13','Trailers,Commentaries,Deleted Scenes,Behind the Scenes',1),(836,'SQUAD FISH','A Fast-Paced Display of a Pastry Chef And a Dog who must Kill a Teacher in Berlin',2006,15,3,2.99,136,14.99,'PG','Commentaries,Deleted Scenes,Behind the Scenes',1),(838,'STAGECOACH ARMAGEDDON','A Touching Display of a Pioneer And a Butler who must Chase a Car in California',2006,1,5,4.99,112,25.99,'R','Trailers,Deleted Scenes',1),(839,'STALLION SUNDANCE','A Fast-Paced Tale of a Car And a Dog who must Outgun a A Shark in Australia',2006,14,5,0.99,130,23.99,'PG-13','Deleted Scenes,Behind the Scenes',1),(840,'STAMPEDE DISTURBING','A Unbelieveable Tale of a Woman And a Lumberjack who must Fight a Frisbee in A U-Boat',2006,10,5,0.99,75,26.99,'R','Commentaries,Deleted Scenes,Behind the Scenes',1),(841,'STAR OPERATION','A Insightful Character Study of a Girl And a Car who must Pursue a Mad Cow in A Shark Tank',2006,15,5,2.99,181,9.99,'PG','Commentaries',1),(842,'STATE WASTELAND','A Beautiful Display of a Cat And a Pastry Chef who must Outrace a Mad Cow in A Jet Boat',2006,10,4,2.99,113,13.99,'NC-17','Trailers,Commentaries,Deleted Scenes,Behind the Scenes',1),(843,'STEEL SANTA','A Fast-Paced Yarn of a Composer And a Frisbee who must Face a Moose in Nigeria',2006,4,4,4.99,143,15.99,'NC-17','Commentaries,Deleted Scenes',1),(846,'STING PERSONAL','A Fanciful Drama of a Frisbee And a Dog who must Fight a Madman in A Jet Boat',2006,13,3,4.99,93,9.99,'NC-17','Commentaries,Deleted Scenes,Behind the Scenes',1),(847,'STOCK GLASS','A Boring Epistle of a Crocodile And a Lumberjack who must Outgun a Moose in Ancient China',2006,13,7,2.99,160,10.99,'PG','Commentaries',1),(850,'STORY SIDE','A Lacklusture Saga of a Boy And a Cat who must Sink a Dentist in An Abandoned Mine Shaft',2006,1,7,0.99,163,27.99,'R','Trailers,Behind the Scenes',1),(853,'STRANGER STRANGERS','A Awe-Inspiring Yarn of a Womanizer And a Explorer who must Fight a Woman in The First Manned Space Station',2006,3,3,4.99,139,12.99,'G','Commentaries,Deleted Scenes',1),(854,'STRANGERS GRAFFITI','A Brilliant Character Study of a Secret Agent And a Man who must Find a Cat in The Gulf of Mexico',2006,11,4,4.99,119,22.99,'R','Trailers,Behind the Scenes',1),(855,'STREAK RIDGEMONT','A Astounding Character Study of a Hunter And a Waitress who must Sink a Man in New Orleans',2006,6,7,0.99,132,28.99,'PG-13','Trailers,Behind the Scenes',1),(856,'STREETCAR INTENTIONS','A Insightful Character Study of a Waitress And a Crocodile who must Sink a Waitress in The Gulf of Mexico',2006,11,5,4.99,73,11.99,'R','Commentaries',1),(858,'SUBMARINE BED','A Amazing Display of a Car And a Monkey who must Fight a Teacher in Soviet Georgia',2006,5,5,4.99,127,21.99,'R','Trailers',1),(859,'SUGAR WONKA','A Touching Story of a Dentist And a Database Administrator who must Conquer a Astronaut in An Abandoned Amusement Park',2006,2,3,4.99,114,20.99,'PG','Trailers,Commentaries,Behind the Scenes',1),(862,'SUMMER SCARFACE','A Emotional Panorama of a Lumberjack And a Hunter who must Meet a Girl in A Shark Tank',2006,4,5,0.99,53,25.99,'G','Deleted Scenes,Behind the Scenes',1),(863,'SUN CONFESSIONS','A Beautiful Display of a Mad Cow And a Dog who must Redeem a Waitress in An Abandoned Amusement Park',2006,14,5,0.99,141,9.99,'R','Trailers,Behind the Scenes',1),(865,'SUNRISE LEAGUE','A Beautiful Epistle of a Madman And a Butler who must Face a Crocodile in A Manhattan Penthouse',2006,2,3,4.99,135,19.99,'PG-13','Behind the Scenes',1),(871,'SWEDEN SHINING','A Taut Documentary of a Car And a Robot who must Conquer a Boy in The Canadian Rockies',2006,5,6,4.99,176,19.99,'PG','Deleted Scenes,Behind the Scenes',1),(873,'SWEETHEARTS SUSPECTS','A Brilliant Character Study of a Frisbee And a Sumo Wrestler who must Confront a Woman in The Gulf of Mexico',2006,3,3,0.99,108,13.99,'G','Trailers,Commentaries,Deleted Scenes,Behind the Scenes',1),(874,'TADPOLE PARK','A Beautiful Tale of a Frisbee And a Moose who must Vanquish a Dog in An Abandoned Amusement Park',2006,4,6,2.99,155,13.99,'PG','Trailers,Commentaries',1),(875,'TALENTED HOMICIDE','A Lacklusture Panorama of a Dentist And a Forensic Psychologist who must Outrace a Pioneer in A U-Boat',2006,15,6,0.99,173,9.99,'PG','Commentaries,Deleted Scenes,Behind the Scenes',1),(876,'TARZAN VIDEOTAPE','A Fast-Paced Display of a Lumberjack And a Mad Scientist who must Succumb a Sumo Wrestler in The Sahara Desert',2006,11,3,2.99,91,11.99,'PG-13','Trailers',1),(877,'TAXI KICK','A Amazing Epistle of a Girl And a Woman who must Outrace a Waitress in Soviet Georgia',2006,12,4,0.99,64,23.99,'PG-13','Commentaries,Deleted Scenes',1),(878,'TEEN APOLLO','A Awe-Inspiring Drama of a Dog And a Man who must Escape a Robot in A Shark Tank',2006,16,3,4.99,74,25.99,'G','Trailers,Deleted Scenes,Behind the Scenes',1),(879,'TELEGRAPH VOYAGE','A Fateful Yarn of a Husband And a Dog who must Battle a Waitress in A Jet Boat',2006,12,3,4.99,148,20.99,'PG','Commentaries',1),(880,'TELEMARK HEARTBREAKERS','A Action-Packed Panorama of a Technical Writer And a Man who must Build a Forensic Psychologist in A Manhattan Penthouse',2006,2,6,2.99,152,9.99,'PG-13','Trailers,Commentaries,Deleted Scenes,Behind the Scenes',1),(881,'TEMPLE ATTRACTION','A Action-Packed Saga of a Forensic Psychologist And a Woman who must Battle a Womanizer in Soviet Georgia',2006,11,5,4.99,71,13.99,'PG','Commentaries,Deleted Scenes',1),(883,'TEQUILA PAST','A Action-Packed Panorama of a Mad Scientist And a Robot who must Challenge a Student in Nigeria',2006,3,6,4.99,53,17.99,'PG','Commentaries,Behind the Scenes',1),(885,'TEXAS WATCH','A Awe-Inspiring Yarn of a Student And a Teacher who must Fight a Teacher in An Abandoned Amusement Park',2006,11,7,0.99,179,22.99,'NC-17','Trailers',1),(886,'THEORY MERMAID','A Fateful Yarn of a Composer And a Monkey who must Vanquish a Womanizer in The First Manned Space Station',2006,2,5,0.99,184,9.99,'PG-13','Deleted Scenes,Behind the Scenes',1),(887,'THIEF PELICAN','A Touching Documentary of a Madman And a Mad Scientist who must Outrace a Feminist in An Abandoned Mine Shaft',2006,2,5,4.99,135,28.99,'PG-13','Deleted Scenes,Behind the Scenes',1),(888,'THIN SAGEBRUSH','A Emotional Drama of a Husband And a Lumberjack who must Build a Cat in Ancient India',2006,6,5,4.99,53,9.99,'PG-13','Behind the Scenes',1),(889,'TIES HUNGER','A Insightful Saga of a Astronaut And a Explorer who must Pursue a Mad Scientist in A U-Boat',2006,3,3,4.99,111,28.99,'R','Deleted Scenes',1),(890,'TIGHTS DAWN','A Thrilling Epistle of a Boat And a Secret Agent who must Face a Boy in A Baloon',2006,15,5,0.99,172,14.99,'R','Trailers,Behind the Scenes',1),(892,'TITANIC BOONDOCK','A Brilliant Reflection of a Feminist And a Dog who must Fight a Boy in A Baloon Factory',2006,2,3,4.99,104,18.99,'R','Trailers,Commentaries,Deleted Scenes,Behind the Scenes',1),(893,'TITANS JERK','A Unbelieveable Panorama of a Feminist And a Sumo Wrestler who must Challenge a Technical Writer in Ancient China',2006,14,4,4.99,91,11.99,'PG','Behind the Scenes',1),(895,'TOMORROW HUSTLER','A Thoughtful Story of a Moose And a Husband who must Face a Secret Agent in The Sahara Desert',2006,4,3,2.99,142,21.99,'R','Commentaries',1),(896,'TOOTSIE PILOT','A Awe-Inspiring Documentary of a Womanizer And a Pastry Chef who must Kill a Lumberjack in Berlin',2006,3,3,0.99,157,10.99,'PG','Commentaries,Deleted Scenes,Behind the Scenes',1),(897,'TORQUE BOUND','A Emotional Display of a Crocodile And a Husband who must Reach a Man in Ancient Japan',2006,7,3,4.99,179,27.99,'G','Trailers,Commentaries',1),(900,'TOWN ARK','A Awe-Inspiring Documentary of a Moose And a Madman who must Meet a Dog in An Abandoned Mine Shaft',2006,9,6,2.99,136,17.99,'R','Behind the Scenes',1),(901,'TRACY CIDER','A Touching Reflection of a Database Administrator And a Madman who must Build a Lumberjack in Nigeria',2006,2,3,0.99,142,29.99,'G','Trailers,Commentaries,Behind the Scenes',1),(902,'TRADING PINOCCHIO','A Emotional Character Study of a Student And a Explorer who must Discover a Frisbee in The First Manned Space Station',2006,15,6,4.99,170,22.99,'PG','Trailers,Deleted Scenes,Behind the Scenes',1),(903,'TRAFFIC HOBBIT','A Amazing Epistle of a Squirrel And a Lumberjack who must Succumb a Database Administrator in A U-Boat',2006,16,5,4.99,139,13.99,'G','Trailers,Commentaries',1),(904,'TRAIN BUNCH','A Thrilling Character Study of a Robot And a Squirrel who must Face a Dog in Ancient India',2006,11,3,4.99,71,26.99,'R','Trailers,Deleted Scenes',1),(906,'TRAMP OTHERS','A Brilliant Display of a Composer And a Cat who must Succumb a A Shark in Ancient India',2006,5,4,0.99,171,27.99,'PG','Deleted Scenes',1),(908,'TRAP GUYS','A Unbelieveable Story of a Boy And a Mad Cow who must Challenge a Database Administrator in The Sahara Desert',2006,9,3,4.99,110,11.99,'G','Commentaries,Behind the Scenes',1),(909,'TREASURE COMMAND','A Emotional Saga of a Car And a Madman who must Discover a Pioneer in California',2006,11,3,0.99,102,28.99,'PG-13','Trailers,Commentaries,Deleted Scenes,Behind the Scenes',1),(910,'TREATMENT JEKYLL','A Boring Story of a Teacher And a Student who must Outgun a Cat in An Abandoned Mine Shaft',2006,7,3,0.99,87,19.99,'PG','Trailers,Deleted Scenes,Behind the Scenes',1),(912,'TROJAN TOMORROW','A Astounding Panorama of a Husband And a Sumo Wrestler who must Pursue a Boat in Ancient India',2006,14,3,2.99,52,9.99,'PG','Commentaries,Deleted Scenes',1),(914,'TROUBLE DATE','A Lacklusture Panorama of a Forensic Psychologist And a Woman who must Kill a Explorer in Ancient Japan',2006,16,6,2.99,61,13.99,'PG','Trailers,Commentaries,Behind the Scenes',1),(915,'TRUMAN CRAZY','A Thrilling Epistle of a Moose And a Boy who must Meet a Database Administrator in A Monastery',2006,1,7,4.99,92,9.99,'G','Trailers,Commentaries',1),(917,'TUXEDO MILE','A Boring Drama of a Man And a Forensic Psychologist who must Face a Frisbee in Ancient India',2006,15,3,2.99,152,24.99,'R','Commentaries,Deleted Scenes,Behind the Scenes',1),(919,'TYCOON GATHERING','A Emotional Display of a Husband And a A Shark who must Succumb a Madman in A Manhattan Penthouse',2006,10,3,4.99,82,17.99,'G','Trailers,Commentaries,Deleted Scenes',1),(920,'UNBREAKABLE KARATE','A Amazing Character Study of a Robot And a Student who must Chase a Robot in Australia',2006,13,3,0.99,62,16.99,'G','Deleted Scenes,Behind the Scenes',1),(924,'UNFORGIVEN ZOOLANDER','A Taut Epistle of a Monkey And a Sumo Wrestler who must Vanquish a A Shark in A Baloon Factory',2006,14,7,0.99,129,15.99,'PG','Trailers,Commentaries,Behind the Scenes',1),(925,'UNITED PILOT','A Fast-Paced Reflection of a Cat And a Mad Cow who must Fight a Car in The Sahara Desert',2006,6,3,0.99,164,27.99,'R','Trailers,Deleted Scenes',1),(926,'UNTOUCHABLES SUNRISE','A Amazing Documentary of a Woman And a Astronaut who must Outrace a Teacher in An Abandoned Fun House',2006,6,5,2.99,120,11.99,'NC-17','Trailers,Deleted Scenes',1),(928,'UPTOWN YOUNG','A Fateful Documentary of a Dog And a Hunter who must Pursue a Teacher in An Abandoned Amusement Park',2006,3,5,2.99,84,16.99,'PG','Commentaries',1),(929,'USUAL UNTOUCHABLES','A Touching Display of a Explorer And a Lumberjack who must Fight a Forensic Psychologist in A Shark Tank',2006,9,5,4.99,128,21.99,'PG-13','Trailers,Commentaries,Behind the Scenes',1),(930,'VACATION BOONDOCK','A Fanciful Character Study of a Secret Agent And a Mad Scientist who must Reach a Teacher in Australia',2006,14,4,2.99,145,23.99,'R','Commentaries',1),(931,'VALENTINE VANISHING','A Thrilling Display of a Husband And a Butler who must Reach a Pastry Chef in California',2006,16,7,0.99,48,9.99,'PG-13','Trailers,Behind the Scenes',1),(935,'VANISHED GARDEN','A Intrepid Character Study of a Squirrel And a A Shark who must Kill a Lumberjack in California',2006,13,5,0.99,142,17.99,'R','Trailers,Commentaries,Deleted Scenes',1),(936,'VANISHING ROCKY','A Brilliant Reflection of a Man And a Woman who must Conquer a Pioneer in A MySQL Convention',2006,12,3,2.99,123,21.99,'NC-17','Trailers,Commentaries,Behind the Scenes',1),(938,'VELVET TERMINATOR','A Lacklusture Tale of a Pastry Chef And a Technical Writer who must Confront a Crocodile in An Abandoned Amusement Park',2006,5,3,4.99,173,14.99,'R','Behind the Scenes',1),(939,'VERTIGO NORTHWEST','A Unbelieveable Display of a Mad Scientist And a Mad Scientist who must Outgun a Mad Cow in Ancient Japan',2006,5,4,2.99,90,17.99,'R','Commentaries,Behind the Scenes',1),(944,'VIRGIN DAISY','A Awe-Inspiring Documentary of a Robot And a Mad Scientist who must Reach a Database Administrator in A Shark Tank',2006,7,6,4.99,179,29.99,'PG-13','Trailers,Behind the Scenes',1),(945,'VIRGINIAN PLUTO','A Emotional Panorama of a Dentist And a Crocodile who must Meet a Boy in Berlin',2006,6,5,0.99,164,22.99,'R','Deleted Scenes',1),(948,'VOICE PEACH','A Amazing Panorama of a Pioneer And a Student who must Overcome a Mad Scientist in A Manhattan Penthouse',2006,13,6,0.99,139,22.99,'PG-13','Commentaries,Behind the Scenes',1),(949,'VOLCANO TEXAS','A Awe-Inspiring Yarn of a Hunter And a Feminist who must Challenge a Dentist in The Outback',2006,10,6,0.99,157,27.99,'NC-17','Trailers,Commentaries,Deleted Scenes,Behind the Scenes',1),(950,'VOLUME HOUSE','A Boring Tale of a Dog And a Woman who must Meet a Dentist in California',2006,4,7,4.99,132,12.99,'PG','Commentaries',1),(953,'WAIT CIDER','A Intrepid Epistle of a Woman And a Forensic Psychologist who must Succumb a Astronaut in A Manhattan Penthouse',2006,2,3,0.99,112,9.99,'PG-13','Trailers',1),(956,'WANDA CHAMBER','A Insightful Drama of a A Shark And a Pioneer who must Find a Womanizer in The Outback',2006,10,7,4.99,107,23.99,'PG-13','Commentaries,Deleted Scenes,Behind the Scenes',1),(957,'WAR NOTTING','A Boring Drama of a Teacher And a Sumo Wrestler who must Challenge a Secret Agent in The Canadian Rockies',2006,9,7,4.99,80,26.99,'G','Deleted Scenes,Behind the Scenes',1),(958,'WARDROBE PHANTOM','A Action-Packed Display of a Mad Cow And a Astronaut who must Kill a Car in Ancient India',2006,7,6,2.99,178,19.99,'G','Trailers,Commentaries',1),(959,'WARLOCK WEREWOLF','A Astounding Yarn of a Pioneer And a Crocodile who must Defeat a A Shark in The Outback',2006,3,6,2.99,83,10.99,'G','Commentaries,Behind the Scenes',1),(962,'WASTELAND DIVINE','A Fanciful Story of a Database Administrator And a Womanizer who must Fight a Database Administrator in Ancient China',2006,4,7,2.99,85,18.99,'PG','Trailers,Deleted Scenes,Behind the Scenes',1),(963,'WATCH TRACY','A Fast-Paced Yarn of a Dog And a Frisbee who must Conquer a Hunter in Nigeria',2006,2,5,0.99,78,12.99,'PG','Trailers,Deleted Scenes,Behind the Scenes',1),(964,'WATERFRONT DELIVERANCE','A Unbelieveable Documentary of a Dentist And a Technical Writer who must Build a Womanizer in Nigeria',2006,1,4,4.99,61,17.99,'G','Behind the Scenes',1),(965,'WATERSHIP FRONTIER','A Emotional Yarn of a Boat And a Crocodile who must Meet a Moose in Soviet Georgia',2006,11,6,0.99,112,28.99,'G','Commentaries',1),(966,'WEDDING APOLLO','A Action-Packed Tale of a Student And a Waitress who must Conquer a Lumberjack in An Abandoned Mine Shaft',2006,6,3,0.99,70,14.99,'PG','Trailers',1),(967,'WEEKEND PERSONAL','A Fast-Paced Documentary of a Car And a Butler who must Find a Frisbee in A Jet Boat',2006,14,5,2.99,134,26.99,'R','Trailers,Commentaries,Deleted Scenes,Behind the Scenes',1),(968,'WEREWOLF LOLA','A Fanciful Story of a Man And a Sumo Wrestler who must Outrace a Student in A Monastery',2006,1,6,4.99,79,19.99,'G','Trailers,Behind the Scenes',1),(969,'WEST LION','A Intrepid Drama of a Butler And a Lumberjack who must Challenge a Database Administrator in A Manhattan Penthouse',2006,7,4,4.99,159,29.99,'G','Trailers',1),(970,'WESTWARD SEABISCUIT','A Lacklusture Tale of a Butler And a Husband who must Face a Boy in Ancient China',2006,4,7,0.99,52,11.99,'NC-17','Commentaries,Deleted Scenes',1),(971,'WHALE BIKINI','A Intrepid Story of a Pastry Chef And a Database Administrator who must Kill a Feminist in A MySQL Convention',2006,9,4,4.99,109,11.99,'PG-13','Commentaries,Deleted Scenes,Behind the Scenes',1),(972,'WHISPERER GIANT','A Intrepid Story of a Dentist And a Hunter who must Confront a Monkey in Ancient Japan',2006,14,4,4.99,59,24.99,'PG-13','Trailers,Deleted Scenes',1),(973,'WIFE TURN','A Awe-Inspiring Epistle of a Teacher And a Feminist who must Confront a Pioneer in Ancient Japan',2006,6,3,4.99,183,27.99,'NC-17','Deleted Scenes,Behind the Scenes',1),(974,'WILD APOLLO','A Beautiful Story of a Monkey And a Sumo Wrestler who must Conquer a A Shark in A MySQL Convention',2006,13,4,0.99,181,24.99,'R','Trailers,Commentaries,Deleted Scenes,Behind the Scenes',1),(977,'WINDOW SIDE','A Astounding Character Study of a Womanizer And a Hunter who must Escape a Robot in A Monastery',2006,16,3,2.99,85,25.99,'R','Deleted Scenes,Behind the Scenes',1),(978,'WISDOM WORKER','A Unbelieveable Saga of a Forensic Psychologist And a Student who must Face a Squirrel in The First Manned Space Station',2006,5,3,0.99,98,12.99,'R','Deleted Scenes,Behind the Scenes',1),(980,'WIZARD COLDBLOODED','A Lacklusture Display of a Robot And a Girl who must Defeat a Sumo Wrestler in A MySQL Convention',2006,12,4,4.99,75,12.99,'PG','Commentaries,Deleted Scenes,Behind the Scenes',1),(981,'WOLVES DESIRE','A Fast-Paced Drama of a Squirrel And a Robot who must Succumb a Technical Writer in A Manhattan Penthouse',2006,16,7,0.99,55,13.99,'NC-17','Behind the Scenes',1),(983,'WON DARES','A Unbelieveable Documentary of a Teacher And a Monkey who must Defeat a Explorer in A U-Boat',2006,12,7,2.99,105,18.99,'PG','Behind the Scenes',1),(985,'WONDERLAND CHRISTMAS','A Awe-Inspiring Character Study of a Waitress And a Car who must Pursue a Mad Scientist in The First Manned Space Station',2006,14,4,4.99,111,19.99,'PG','Commentaries',1),(986,'WONKA SEA','A Brilliant Saga of a Boat And a Mad Scientist who must Meet a Moose in Ancient India',2006,2,6,2.99,85,24.99,'NC-17','Trailers,Commentaries',1),(988,'WORKER TARZAN','A Action-Packed Yarn of a Secret Agent And a Technical Writer who must Battle a Sumo Wrestler in The First Manned Space Station',2006,16,7,2.99,139,26.99,'R','Trailers,Commentaries,Behind the Scenes',1),(989,'WORKING MICROCOSMOS','A Stunning Epistle of a Dentist And a Dog who must Kill a Madman in Ancient China',2006,16,4,4.99,74,22.99,'R','Commentaries,Deleted Scenes',1),(993,'WRONG BEHAVIOR','A Emotional Saga of a Crocodile And a Sumo Wrestler who must Discover a Mad Cow in New Orleans',2006,3,6,2.99,178,10.99,'PG-13','Trailers,Behind the Scenes',1),(994,'WYOMING STORM','A Awe-Inspiring Panorama of a Robot And a Boat who must Overcome a Feminist in A U-Boat',2006,13,6,4.99,100,29.99,'PG-13','Deleted Scenes',1),(996,'YOUNG LANGUAGE','A Unbelieveable Yarn of a Boat And a Database Administrator who must Meet a Boy in The First Manned Space Station',2006,6,6,0.99,183,9.99,'G','Trailers,Behind the Scenes',1),(997,'YOUTH KICK','A Touching Drama of a Teacher And a Cat who must Challenge a Technical Writer in A U-Boat',2006,12,4,0.99,179,14.99,'NC-17','Trailers,Behind the Scenes',1),(998,'ZHIVAGO CORE','A Fateful Yarn of a Composer And a Man who must Face a Boy in The Canadian Rockies',2006,11,6,0.99,105,10.99,'NC-17','Deleted Scenes',1);
/*!40000 ALTER TABLE `films` ENABLE KEYS */;
UNLOCK TABLES;

--
-- Table structure for table `films_actors`
--

DROP TABLE IF EXISTS `films_actors`;
/*!40101 SET @saved_cs_client     = @@character_set_client */;
/*!50503 SET character_set_client = utf8mb4 */;
CREATE TABLE `films_actors` (
  `films_films_id` int NOT NULL,
  `actors_actors_id` int NOT NULL,
  PRIMARY KEY (`films_films_id`,`actors_actors_id`),
  KEY `fk_films_has_actors_actors1_idx` (`actors_actors_id`),
  KEY `fk_films_has_actors_films1_idx` (`films_films_id`),
  CONSTRAINT `fk_films_has_actors_actors1` FOREIGN KEY (`actors_actors_id`) REFERENCES `actors` (`actors_id`),
  CONSTRAINT `fk_films_has_actors_films1` FOREIGN KEY (`films_films_id`) REFERENCES `films` (`film_id`)
) ENGINE=InnoDB DEFAULT CHARSET=utf8mb4 COLLATE=utf8mb4_0900_ai_ci;
/*!40101 SET character_set_client = @saved_cs_client */;

--
-- Dumping data for table `films_actors`
--

LOCK TABLES `films_actors` WRITE;
/*!40000 ALTER TABLE `films_actors` DISABLE KEYS */;
INSERT INTO `films_actors` VALUES (1,1),(23,1),(25,1),(106,1),(140,1),(166,1),(277,1),(361,1),(438,1),(499,1),(506,1),(509,1),(605,1),(635,1),(749,1),(832,1),(939,1),(970,1),(980,1),(3,2),(31,2),(47,2),(105,2),(132,2),(145,2),(226,2),(249,2),(314,2),(321,2),(357,2),(369,2),(399,2),(458,2),(481,2),(485,2),(518,2),(540,2),(550,2),(555,2),(561,2),(742,2),(754,2),(811,2),(958,2),(17,3),(40,3),(42,3),(87,3),(111,3),(185,3),(289,3),(329,3),(336,3),(341,3),(393,3),(441,3),(453,3),(480,3),(539,3),(618,3),(685,3),(827,3),(966,3),(967,3),(971,3),(996,3),(23,4),(25,4),(56,4),(62,4),(79,4),(87,4),(355,4),(379,4),(398,4),(463,4),(490,4),(616,4),(635,4),(691,4),(712,4),(714,4),(721,4),(798,4),(832,4),(858,4),(909,4),(924,4),(19,5),(54,5),(85,5),(146,5),(171,5),(172,5),(202,5),(203,5),(286,5),(288,5),(316,5),(340,5),(369,5),(375,5),(383,5),(392,5),(411,5),(503,5),(535,5),(571,5),(650,5),(665,5),(687,5),(730,5),(732,5),(811,5),(817,5),(841,5),(865,5),(29,6),(53,6),(60,6),(70,6),(112,6),(164,6),(165,6),(193,6),(256,6),(451,6),(503,6),(509,6),(517,6),(519,6),(605,6),(692,6),(826,6),(892,6),(902,6),(994,6),(25,7),(27,7),(35,7),(67,7),(96,7),(170,7),(173,7),(217,7),(218,7),(225,7),(292,7),(351,7),(414,7),(463,7),(554,7),(618,7),(633,7),(637,7),(691,7),(758,7),(766,7),(770,7),(805,7),(806,7),(846,7),(900,7),(901,7),(910,7),(957,7),(959,7),(47,8),(115,8),(158,8),(179,8),(195,8),(205,8),(255,8),(263,8),(321,8),(396,8),(458,8),(523,8),(532,8),(554,8),(752,8),(769,8),(771,8),(859,8),(895,8),(936,8),(30,9),(74,9),(147,9),(148,9),(191,9),(200,9),(204,9),(434,9),(510,9),(514,9),(552,9),(650,9),(671,9),(697,9),(722,9),(752,9),(811,9),(815,9),(865,9),(873,9),(889,9),(903,9),(926,9),(964,9),(974,9),(1,10),(9,10),(191,10),(236,10),(251,10),(366,10),(477,10),(480,10),(522,10),(530,10),(587,10),(694,10),(703,10),(716,10),(782,10),(914,10),(929,10),(930,10),(964,10),(966,10),(980,10),(983,10),(118,11),(205,11),(281,11),(283,11),(348,11),(364,11),(395,11),(429,11),(433,11),(453,11),(485,11),(532,11),(567,11),(587,11),(597,11),(636,11),(709,11),(850,11),(854,11),(888,11),(896,11),(928,11),(938,11),(969,11),(988,11),(16,12),(17,12),(34,12),(37,12),(91,12),(92,12),(107,12),(155,12),(177,12),(208,12),(213,12),(216,12),(243,12),(344,12),(400,12),(416,12),(420,12),(457,12),(513,12),(540,12),(593,12),(631,12),(635,12),(672,12),(716,12),(728,12),(812,12),(838,12),(871,12),(880,12),(945,12),(17,13),(29,13),(45,13),(87,13),(110,13),(144,13),(154,13),(162,13),(203,13),(254,13),(337,13),(346,13),(381,13),(385,13),(427,13),(456,13),(513,13),(515,13),(522,13),(524,13),(528,13),(571,13),(588,13),(597,13),(600,13),(718,13),(729,13),(816,13),(817,13),(832,13),(833,13),(843,13),(897,13),(966,13),(998,13),(154,14),(187,14),(232,14),(241,14),(253,14),(255,14),(258,14),(284,14),(292,14),(370,14),(415,14),(417,14),(418,14),(454,14),(472,14),(475,14),(495,14),(536,14),(537,14),(612,14),(688,14),(759,14),(764,14),(847,14),(856,14),(890,14),(908,14),(919,14),(948,14),(970,14),(31,15),(89,15),(91,15),(108,15),(125,15),(236,15),(275,15),(280,15),(326,15),(342,15),(414,15),(445,15),(500,15),(502,15),(541,15),(553,15),(594,15),(626,15),(635,15),(745,15),(783,15),(795,15),(817,15),(886,15),(924,15),(949,15),(968,15),(985,15),(80,16),(87,16),(101,16),(121,16),(155,16),(177,16),(218,16),(221,16),(267,16),(269,16),(271,16),(280,16),(287,16),(345,16),(438,16),(453,16),(455,16),(456,16),(503,16),(548,16),(582,16),(583,16),(717,16),(758,16),(779,16),(886,16),(967,16),(96,17),(119,17),(124,17),(127,17),(154,17),(199,17),(201,17),(236,17),(280,17),(310,17),(313,17),(378,17),(457,17),(469,17),(478,17),(500,17),(515,17),(521,17),(573,17),(603,17),(606,17),(734,17),(770,17),(794,17),(800,17),(853,17),(873,17),(874,17),(880,17),(948,17),(957,17),(959,17),(44,18),(84,18),(144,18),(172,18),(268,18),(279,18),(280,18),(321,18),(386,18),(460,18),(462,18),(484,18),(536,18),(561,18),(612,18),(717,18),(808,18),(842,18),(863,18),(883,18),(917,18),(944,18),(2,19),(3,19),(144,19),(152,19),(182,19),(208,19),(212,19),(217,19),(266,19),(404,19),(428,19),(473,19),(490,19),(510,19),(513,19),(644,19),(670,19),(673,19),(711,19),(750,19),(752,19),(756,19),(771,19),(785,19),(877,19),(1,20),(54,20),(63,20),(140,20),(146,20),(165,20),(231,20),(243,20),(269,20),(274,20),(348,20),(366,20),(445,20),(478,20),(492,20),(499,20),(527,20),(531,20),(538,20),(589,20),(643,20),(652,20),(663,20),(714,20),(717,20),(757,20),(784,20),(863,20),(962,20),(977,20),(6,21),(87,21),(88,21),(142,21),(159,21),(179,21),(253,21),(281,21),(321,21),(398,21),(426,21),(429,21),(497,21),(507,21),(530,21),(680,21),(686,21),(700,21),(702,21),(733,21),(734,21),(798,21),(804,21),(887,21),(893,21),(920,21),(983,21),(9,22),(23,22),(56,22),(89,22),(111,22),(146,22),(291,22),(294,22),(349,22),(369,22),(418,22),(430,22),(483,22),(491,22),(495,22),(536,22),(600,22),(634,22),(648,22),(688,22),(731,22),(742,22),(775,22),(802,22),(912,22),(964,22),(6,23),(42,23),(78,23),(105,23),(116,23),(117,23),(125,23),(212,23),(226,23),(235,23),(254,23),(367,23),(370,23),(414,23),(419,23),(435,23),(449,23),(491,23),(536,23),(549,23),(636,23),(649,23),(673,23),(691,23),(766,23),(782,23),(804,23),(820,23),(826,23),(833,23),(842,23),(853,23),(855,23),(856,23),(935,23),(981,23),(997,23),(3,24),(83,24),(112,24),(126,24),(148,24),(164,24),(178,24),(194,24),(199,24),(242,24),(256,24),(277,24),(335,24),(405,24),(463,24),(515,24),(585,24),(603,24),(653,24),(704,24),(781,24),(829,24),(832,24),(969,24),(21,25),(86,25),(153,25),(179,25),(204,25),(213,25),(226,25),(245,25),(311,25),(404,25),(411,25),(420,25),(538,25),(564,25),(583,25),(606,25),(688,25),(697,25),(755,25),(871,25),(914,25),(9,26),(21,26),(34,26),(90,26),(93,26),(103,26),(147,26),(186,26),(201,26),(225,26),(241,26),(327,26),(329,26),(340,26),(345,26),(390,26),(392,26),(529,26),(544,26),(564,26),(635,26),(644,26),(682,26),(688,26),(715,26),(732,26),(758,26),(764,26),(795,26),(821,26),(885,26),(904,26),(906,26),(19,27),(34,27),(85,27),(150,27),(172,27),(273,27),(334,27),(347,27),(359,27),(398,27),(415,27),(462,27),(477,27),(500,27),(503,27),(540,27),(586,27),(593,27),(637,27),(679,27),(682,27),(695,27),(771,27),(805,27),(830,27),(854,27),(873,27),(880,27),(889,27),(904,27),(967,27),(986,27),(996,27),(14,28),(43,28),(58,28),(74,28),(96,28),(107,28),(259,28),(263,28),(287,28),(358,28),(502,28),(508,28),(532,28),(551,28),(574,28),(597,28),(619,28),(625,28),(652,28),(679,28),(743,28),(790,28),(793,28),(816,28),(827,28),(835,28),(879,28),(908,28),(953,28),(973,28),(994,28),(10,29),(79,29),(105,29),(110,29),(131,29),(133,29),(172,29),(226,29),(273,29),(282,29),(296,29),(311,29),(335,29),(342,29),(436,29),(444,29),(449,29),(462,29),(482,29),(488,29),(519,29),(547,29),(590,29),(646,29),(723,29),(812,29),(862,29),(928,29),(944,29),(1,30),(53,30),(64,30),(69,30),(77,30),(87,30),(260,30),(262,30),(286,30),(292,30),(301,30),(318,30),(321,30),(357,30),(565,30),(732,30),(797,30),(838,30),(945,30),(88,31),(146,31),(163,31),(164,31),(188,31),(299,31),(308,31),(368,31),(380,31),(431,31),(585,31),(637,31),(700,31),(739,31),(793,31),(802,31),(880,31),(978,31),(65,32),(84,32),(103,32),(112,32),(136,32),(197,32),(199,32),(219,32),(309,32),(312,32),(401,32),(427,32),(431,32),(523,32),(567,32),(585,32),(606,32),(651,32),(667,32),(669,32),(815,32),(928,32),(980,32),(56,33),(112,33),(135,33),(154,33),(214,33),(252,33),(305,33),(306,33),(473,33),(489,33),(574,33),(618,33),(667,33),(694,33),(712,33),(735,33),(737,33),(754,33),(775,33),(878,33),(881,33),(965,33),(972,33),(993,33),(43,34),(90,34),(119,34),(125,34),(172,34),(182,34),(244,34),(336,34),(389,34),(393,34),(438,34),(493,34),(502,34),(525,34),(668,34),(720,34),(779,34),(788,34),(794,34),(836,34),(846,34),(853,34),(929,34),(950,34),(971,34),(10,35),(35,35),(52,35),(201,35),(256,35),(389,35),(589,35),(612,35),(615,35),(707,35),(732,35),(738,35),(748,35),(817,35),(914,35),(15,36),(81,36),(171,36),(231,36),(245,36),(283,36),(380,36),(381,36),(387,36),(390,36),(410,36),(426,36),(427,36),(453,36),(466,36),(484,36),(493,36),(499,36),(569,36),(590,36),(600,36),(714,36),(715,36),(716,36),(731,36),(875,36),(915,36),(931,36),(956,36),(10,37),(12,37),(19,37),(118,37),(119,37),(122,37),(146,37),(204,37),(253,37),(260,37),(277,37),(317,37),(467,37),(477,37),(485,37),(508,37),(529,37),(553,37),(555,37),(572,37),(588,37),(662,37),(663,37),(694,37),(697,37),(785,37),(839,37),(840,37),(853,37),(900,37),(925,37),(963,37),(966,37),(989,37),(997,37),(24,38),(111,38),(160,38),(176,38),(223,38),(241,38),(274,38),(335,38),(338,38),(353,38),(448,38),(450,38),(458,38),(501,38),(516,38),(547,38),(583,38),(618,38),(619,38),(705,38),(793,38),(827,38),(839,38),(853,38),(876,38),(71,39),(73,39),(168,39),(203,39),(222,39),(290,39),(293,39);
/*!40000 ALTER TABLE `films_actors` ENABLE KEYS */;
UNLOCK TABLES;

--
-- Table structure for table `inventory`
--

DROP TABLE IF EXISTS `inventory`;
/*!40101 SET @saved_cs_client     = @@character_set_client */;
/*!50503 SET character_set_client = utf8mb4 */;
CREATE TABLE `inventory` (
  `inventory_id` int NOT NULL,
  `film_id` int NOT NULL,
  PRIMARY KEY (`inventory_id`,`film_id`),
  KEY `fk_inventory_films1_idx` (`film_id`),
  CONSTRAINT `fk_inventory_films1` FOREIGN KEY (`film_id`) REFERENCES `films` (`film_id`)
) ENGINE=InnoDB DEFAULT CHARSET=utf8mb4 COLLATE=utf8mb4_0900_ai_ci;
/*!40101 SET character_set_client = @saved_cs_client */;

--
-- Dumping data for table `inventory`
--

LOCK TABLES `inventory` WRITE;
/*!40000 ALTER TABLE `inventory` DISABLE KEYS */;
INSERT INTO `inventory` VALUES (1,1),(2,1),(3,1),(4,1),(5,1),(6,1),(7,1),(8,1),(9,2),(10,2),(11,2),(12,3),(13,3),(14,3),(15,3),(26,6),(27,6),(28,6),(29,6),(30,6),(31,6),(41,9),(42,9),(43,9),(44,9),(45,9),(46,10),(47,10),(48,10),(49,10),(50,10),(51,10),(52,10),(60,12),(61,12),(62,12),(63,12),(64,12),(65,12),(66,12),(71,15),(72,15),(73,15),(74,15),(75,15),(76,15),(77,16),(78,16),(79,16),(80,16),(81,17),(82,17),(83,17),(84,17),(85,17),(86,17),(93,19),(94,19),(95,19),(96,19),(97,19),(98,19),(102,21),(103,21),(104,21),(105,21),(106,21),(107,21),(115,23),(116,23),(117,23),(118,23),(119,23),(120,24),(121,24),(122,24),(123,24),(124,25),(125,25),(126,25),(127,25),(128,25),(129,25),(135,27),(136,27),(137,27),(138,27),(142,29),(143,29),(144,30),(145,30),(146,31),(147,31),(148,31),(149,31),(150,31),(151,31),(152,31),(153,31),(156,34),(157,34),(158,34),(159,34),(160,35),(161,35),(162,35),(163,35),(164,35),(165,35),(166,35),(167,37),(168,37),(169,37),(170,37),(171,37),(172,37),(173,37),(181,40),(182,40),(183,40),(184,40),(185,42),(186,42),(187,42),(188,42),(189,43),(190,43),(191,43),(192,43),(193,43),(194,43),(195,43),(196,44),(197,44),(198,44),(199,44),(200,44),(201,45),(202,45),(203,45),(204,45),(205,45),(206,45),(210,47),(211,47),(233,52),(234,52),(235,53),(236,53),(237,54),(238,54),(239,54),(240,54),(241,54),(248,56),(249,56),(250,56),(251,56),(252,56),(260,58),(261,58),(262,58),(263,58),(269,60),(270,60),(271,60),(278,62),(279,62),(280,63),(281,63),(282,63),(283,63),(284,64),(285,64),(286,64),(287,65),(288,65),(289,65),(290,65),(294,67),(295,67),(296,67),(297,67),(298,67),(299,67),(304,69),(305,69),(306,69),(307,69),(308,69),(309,69),(310,69),(311,69),(312,70),(313,70),(314,70),(315,70),(316,71),(317,71),(318,71),(319,71),(326,73),(327,73),(328,73),(329,73),(330,73),(331,73),(332,73),(333,73),(334,74),(335,74),(336,74),(337,74),(338,74),(345,77),(346,77),(347,77),(348,77),(349,77),(350,77),(351,78),(352,78),(353,78),(354,78),(355,78),(356,78),(357,78),(358,79),(359,79),(360,79),(361,79),(362,79),(363,79),(364,80),(365,80),(366,80),(367,80),(368,81),(369,81),(370,81),(371,81),(374,83),(375,83),(376,83),(377,83),(378,83),(379,84),(380,84),(381,84),(382,84),(383,85),(384,85),(385,85),(386,85),(387,86),(388,86),(389,86),(390,86),(391,86),(392,86),(393,86),(394,86),(395,88),(396,88),(397,88),(398,88),(399,89),(400,89),(401,89),(402,89),(403,89),(404,89),(405,90),(406,90),(407,90),(408,90),(409,90),(410,90),(411,91),(412,91),(413,91),(414,91),(415,91),(416,91),(417,91),(418,91),(419,92),(420,92),(421,92),(422,92),(423,93),(424,93),(425,93),(433,96),(434,96),(435,96),(457,101),(458,101),(459,101),(460,101),(461,101),(462,101),(465,103),(466,103),(467,103),(468,103),(469,103),(470,103),(471,103),(472,103),(476,105),(477,105),(478,105),(479,105),(480,105),(481,106),(482,106),(483,107),(484,107),(493,110),(494,110),(495,110),(496,110),(497,111),(498,111),(499,111),(500,111),(501,112),(502,112),(503,112),(504,112),(505,112),(506,112),(507,112),(519,115),(520,115),(521,115),(522,115),(523,115),(524,115),(525,115),(526,116),(527,116),(528,116),(529,116),(530,116),(531,116),(532,117),(533,117),(534,117),(535,117),(536,117),(537,117),(538,118),(539,118),(540,118),(541,118),(542,118),(543,118),(544,119),(545,119),(546,119),(547,119),(548,119),(549,119),(550,119),(554,121),(555,121),(556,121),(557,121),(558,121),(559,121),(560,122),(561,122),(562,122),(563,122),(564,122),(565,122),(566,122),(572,124),(573,124),(574,124),(575,125),(576,125),(577,126),(578,126),(579,126),(580,127),(581,127),(582,127),(583,127),(584,127),(585,127),(586,127),(587,127),(600,131),(601,131),(602,131),(603,131),(604,131),(605,131),(606,132),(607,132),(608,132),(609,132),(610,132),(611,132),(612,133),(613,133),(614,133),(615,133),(619,135),(620,135),(621,135),(622,135),(623,135),(624,135),(625,135),(626,136),(627,136),(628,136),(644,140),(645,140),(646,140),(647,140),(648,140),(654,142),(655,142),(656,142),(657,142),(658,142),(666,145),(667,145),(668,145),(669,146),(670,146),(671,146),(672,147),(673,147),(674,147),(675,147),(676,147),(677,147),(684,150),(685,150),(686,150),(687,150),(688,150),(689,150),(694,152),(695,152),(696,152),(697,152),(698,153),(699,153),(700,153),(701,153),(702,154),(703,154),(704,154),(705,154),(706,154),(707,154),(708,154),(709,155),(710,155),(711,155),(712,155),(713,155),(719,158),(720,158),(721,158),(722,158),(723,158),(724,159),(725,159),(726,159),(727,159),(728,159),(729,159),(730,159),(731,160),(732,160),(733,160),(734,160),(735,160),(738,162),(739,162),(740,162),(741,162),(742,162),(743,162),(744,162),(745,163),(746,163),(747,163),(748,164),(749,164),(750,164),(751,164),(752,164),(753,165),(754,165),(755,165),(756,165),(757,165),(758,166),(759,166),(760,166),(761,166),(762,166),(763,166),(771,168),(772,168),(777,170),(778,170),(779,170),(780,170),(781,170),(782,170),(783,172),(784,172),(785,172),(786,172),(787,172),(788,172),(789,172),(790,173),(791,173),(792,173),(793,173),(794,173),(808,176),(809,176),(810,176),(811,176),(812,176),(813,176),(814,177),(815,177),(816,177),(817,178),(818,178),(819,179),(820,179),(821,179),(822,179),(832,182),(833,182),(845,185),(846,185),(847,186),(848,186),(849,186),(850,186),(851,187),(852,187),(853,187),(854,188),(855,188),(856,188),(867,191),(868,191),(869,191),(870,191),(871,191),(872,191),(873,193),(874,193),(875,193),(876,193),(877,193),(878,193),(879,193),(880,193),(881,194),(882,194),(883,194),(884,194),(887,197),(888,197),(889,199),(890,199),(891,199),(892,199),(893,199),(894,199),(895,199),(896,199),(897,200),(898,200),(899,200),(900,200),(901,200),(902,200),(903,200),(904,200),(905,201),(906,201),(907,201),(908,201),(909,202),(910,202),(911,202),(912,203),(913,203),(914,203),(915,203),(916,204),(917,204),(918,204),(919,204),(920,204),(921,204),(922,205),(923,205),(924,205),(925,205),(938,208),(939,208),(940,208),(950,212),(951,212),(952,212),(953,212),(954,212),(955,213),(956,213),(957,213),(958,213),(959,214),(960,214),(961,214),(962,214),(969,216),(970,216),(971,216),(972,216),(973,216),(974,218),(975,218),(976,218),(977,218),(978,218),(979,218),(980,218),(981,219),(982,219),(983,219),(984,219),(993,222),(994,222),(995,222),(996,222),(997,222),(998,222),(999,223),(1000,223);
/*!40000 ALTER TABLE `inventory` ENABLE KEYS */;
UNLOCK TABLES;

--
-- Table structure for table `Languaje`
--

DROP TABLE IF EXISTS `Languaje`;
/*!40101 SET @saved_cs_client     = @@character_set_client */;
/*!50503 SET character_set_client = utf8mb4 */;
CREATE TABLE `Languaje` (
  `languaje_id` int NOT NULL,
  `name` varchar(45) DEFAULT NULL,
  PRIMARY KEY (`languaje_id`)
) ENGINE=InnoDB DEFAULT CHARSET=utf8mb4 COLLATE=utf8mb4_0900_ai_ci;
/*!40101 SET character_set_client = @saved_cs_client */;

--
-- Dumping data for table `Languaje`
--

LOCK TABLES `Languaje` WRITE;
/*!40000 ALTER TABLE `Languaje` DISABLE KEYS */;
INSERT INTO `Languaje` VALUES (1,'English'),(2,'Italian'),(3,'Japanese'),(4,'Mandarin'),(5,'French'),(6,'German');
/*!40000 ALTER TABLE `Languaje` ENABLE KEYS */;
UNLOCK TABLES;

--
-- Table structure for table `rental`
--

DROP TABLE IF EXISTS `rental`;
/*!40101 SET @saved_cs_client     = @@character_set_client */;
/*!50503 SET character_set_client = utf8mb4 */;
CREATE TABLE `rental` (
  `rental_id` int NOT NULL,
  `rental_date` datetime DEFAULT NULL,
  `return_date` datetime DEFAULT NULL,
  `inventory_id` int NOT NULL,
  `customer_id` int NOT NULL,
  `staff_id` int NOT NULL,
  `film_id` int NOT NULL,
  PRIMARY KEY (`rental_id`,`inventory_id`,`customer_id`,`staff_id`,`film_id`),
  KEY `fk_rental_staff1_idx` (`staff_id`),
  KEY `fk_rental_customers1_idx` (`customer_id`),
  KEY `fk_rental_inventory1_idx` (`inventory_id`,`film_id`),
  CONSTRAINT `fk_rental_customers1` FOREIGN KEY (`customer_id`) REFERENCES `customers` (`customer_id`),
  CONSTRAINT `fk_rental_inventory1` FOREIGN KEY (`inventory_id`, `film_id`) REFERENCES `inventory` (`inventory_id`, `film_id`),
  CONSTRAINT `fk_rental_staff1` FOREIGN KEY (`staff_id`) REFERENCES `staff` (`staff_id`)
) ENGINE=InnoDB DEFAULT CHARSET=utf8mb4 COLLATE=utf8mb4_0900_ai_ci;
/*!40101 SET character_set_client = @saved_cs_client */;

--
-- Dumping data for table `rental`
--

LOCK TABLES `rental` WRITE;
/*!40000 ALTER TABLE `rental` DISABLE KEYS */;
/*!40000 ALTER TABLE `rental` ENABLE KEYS */;
UNLOCK TABLES;

--
-- Table structure for table `staff`
--

DROP TABLE IF EXISTS `staff`;
/*!40101 SET @saved_cs_client     = @@character_set_client */;
/*!50503 SET character_set_client = utf8mb4 */;
CREATE TABLE `staff` (
  `staff_id` int NOT NULL,
  `full_name` varchar(45) DEFAULT NULL,
  `birthdate` datetime DEFAULT NULL,
  `position` varchar(45) DEFAULT NULL,
  PRIMARY KEY (`staff_id`)
) ENGINE=InnoDB DEFAULT CHARSET=utf8mb4 COLLATE=utf8mb4_0900_ai_ci;
/*!40101 SET character_set_client = @saved_cs_client */;

--
-- Dumping data for table `staff`
--

LOCK TABLES `staff` WRITE;
/*!40000 ALTER TABLE `staff` DISABLE KEYS */;
INSERT INTO `staff` VALUES (1,'Romero Romero','1999-10-20 00:00:00','ceo');
/*!40000 ALTER TABLE `staff` ENABLE KEYS */;
UNLOCK TABLES;
/*!40103 SET TIME_ZONE=@OLD_TIME_ZONE */;

/*!40101 SET SQL_MODE=@OLD_SQL_MODE */;
/*!40014 SET FOREIGN_KEY_CHECKS=@OLD_FOREIGN_KEY_CHECKS */;
/*!40014 SET UNIQUE_CHECKS=@OLD_UNIQUE_CHECKS */;
/*!40101 SET CHARACTER_SET_CLIENT=@OLD_CHARACTER_SET_CLIENT */;
/*!40101 SET CHARACTER_SET_RESULTS=@OLD_CHARACTER_SET_RESULTS */;
/*!40101 SET COLLATION_CONNECTION=@OLD_COLLATION_CONNECTION */;
/*!40111 SET SQL_NOTES=@OLD_SQL_NOTES */;

-- Dump completed on 2023-07-31 15:21:22
